ID,Miasto,Dzielnica,Ulica,Numer ulicy,Kod pocztowy
1,Wrocław,Centrum,Piłsudskiego,36B,83-398
2,Poznań,Centrum,Sosnowa,17B,26-830
3,Wrocław,Wschód,Mickiewicza,90C,88-226
4,Wrocław,Południe,Grunwaldzka,20B,93-234
5,Warszawa,Centrum,Klonowa,39B,91-192
6,Wrocław,Zachód,Mickiewicza,4A,10-261
7,Wrocław,Wschód,Sosnowa,65C,28-180
8,Poznań,Południe,Piłsudskiego,5C,75-541
9,Kraków,Północ,Mickiewicza,42B,16-459
10,Gdynia,Stare Miasto,Miła,57A,46-437
11,Gdynia,Północ,Pogodna,67A,82-705
12,Gdańsk,Północ,Piłsudskiego,8A,81-823
13,Sopot,Północ,Miła,75C,51-326
14,Poznań,Stare Miasto,Pogodna,9B,81-271
15,Warszawa,Południe,Grunwaldzka,10C,73-602
16,Wrocław,Wschód,Piłsudskiego,97B,48-814
17,Poznań,Stare Miasto,Grunwaldzka,39B,97-132
18,Warszawa,Południe,Grunwaldzka,28C,77-621
19,Sopot,Zachód,Grunwaldzka,51A,82-514
20,Gdynia,Centrum,Grunwaldzka,19C,51-409
21,Wrocław,Centrum,Mickiewicza,73B,23-358
22,Gdynia,Wschód,Klonowa,7A,78-515
23,Sopot,Stare Miasto,Klonowa,78A,23-873
24,Sopot,Stare Miasto,Grunwaldzka,14A,25-419
25,Sopot,Północ,Miła,43C,62-600
26,Wrocław,Północ,Piłsudskiego,94A,31-525
27,Poznań,Zachód,Klonowa,46C,26-249
28,Gdynia,Południe,Piłsudskiego,50C,23-499
29,Warszawa,Wschód,Miła,22C,57-625
30,Poznań,Południe,Miła,10C,66-362
31,Poznań,Południe,Pogodna,92C,83-422
32,Warszawa,Wschód,Piłsudskiego,42B,45-527
33,Gdynia,Stare Miasto,Klonowa,7C,44-300
34,Gdynia,Stare Miasto,Mickiewicza,35A,15-506
35,Poznań,Centrum,Mickiewicza,92A,27-392
36,Poznań,Wschód,Pogodna,19C,77-178
37,Kraków,Południe,Sosnowa,6B,77-485
38,Warszawa,Wschód,Klonowa,44B,84-234
39,Poznań,Stare Miasto,Sosnowa,18C,24-729
40,Gdynia,Stare Miasto,Mickiewicza,33B,92-517
41,Gdynia,Zachód,Miła,19C,53-830
42,Gdynia,Północ,Klonowa,65B,17-267
43,Kraków,Południe,Grunwaldzka,15A,45-601
44,Gdańsk,Południe,Grunwaldzka,64C,83-396
45,Gdynia,Centrum,Klonowa,37B,80-495
46,Kraków,Zachód,Grunwaldzka,34A,24-267
47,Sopot,Wschód,Piłsudskiego,83B,74-344
48,Kraków,Zachód,Grunwaldzka,98A,69-763
49,Wrocław,Wschód,Pogodna,62C,60-622
50,Sopot,Stare Miasto,Piłsudskiego,31C,25-475
51,Poznań,Centrum,Mickiewicza,62A,39-855
52,Gdynia,Centrum,Sosnowa,13C,67-446
53,Gdańsk,Południe,Klonowa,82C,63-316
54,Wrocław,Centrum,Mickiewicza,53A,96-230
55,Wrocław,Zachód,Pogodna,65C,27-192
56,Kraków,Południe,Miła,38A,34-868
57,Gdynia,Północ,Grunwaldzka,26B,29-943
58,Kraków,Stare Miasto,Mickiewicza,26C,30-981
59,Gdańsk,Stare Miasto,Pogodna,97B,63-323
60,Gdańsk,Stare Miasto,Klonowa,10C,72-713
61,Sopot,Południe,Sosnowa,53A,32-754
62,Kraków,Wschód,Klonowa,5B,71-819
63,Warszawa,Wschód,Sosnowa,65B,40-264
64,Sopot,Wschód,Grunwaldzka,48A,26-847
65,Sopot,Stare Miasto,Sosnowa,18A,27-675
66,Wrocław,Północ,Mickiewicza,13B,37-386
67,Gdynia,Zachód,Pogodna,24B,55-559
68,Sopot,Stare Miasto,Sosnowa,35C,86-425
69,Gdynia,Południe,Piłsudskiego,34B,86-241
70,Gdynia,Wschód,Miła,70A,17-317
71,Poznań,Stare Miasto,Piłsudskiego,88B,76-786
72,Wrocław,Centrum,Sosnowa,37A,28-232
73,Warszawa,Stare Miasto,Klonowa,44B,39-721
74,Warszawa,Wschód,Sosnowa,73A,96-220
75,Wrocław,Północ,Sosnowa,86C,41-761
76,Wrocław,Stare Miasto,Sosnowa,70B,83-345
77,Gdynia,Zachód,Klonowa,23B,95-882
78,Wrocław,Zachód,Pogodna,53C,25-977
79,Sopot,Zachód,Pogodna,92A,39-750
80,Poznań,Zachód,Pogodna,32A,86-573
81,Kraków,Północ,Pogodna,17B,72-129
82,Kraków,Północ,Sosnowa,2C,36-133
83,Kraków,Północ,Sosnowa,69A,40-728
84,Poznań,Stare Miasto,Sosnowa,47B,83-949
85,Wrocław,Północ,Piłsudskiego,16C,24-963
86,Poznań,Zachód,Mickiewicza,51C,12-668
87,Wrocław,Północ,Klonowa,38A,74-916
88,Kraków,Północ,Grunwaldzka,2C,64-834
89,Sopot,Południe,Sosnowa,35A,76-457
90,Wrocław,Północ,Sosnowa,51B,42-334
91,Wrocław,Wschód,Sosnowa,76B,49-248
92,Sopot,Centrum,Piłsudskiego,82A,70-262
93,Sopot,Zachód,Klonowa,15B,55-156
94,Gdynia,Stare Miasto,Sosnowa,41A,66-123
95,Gdynia,Stare Miasto,Miła,26A,40-154
96,Sopot,Północ,Grunwaldzka,25B,63-448
97,Gdańsk,Północ,Klonowa,47C,20-725
98,Gdańsk,Południe,Pogodna,46B,85-302
99,Sopot,Stare Miasto,Sosnowa,6C,24-292
100,Gdynia,Zachód,Piłsudskiego,85A,58-752
101,Kraków,Południe,Pogodna,93A,83-414
102,Gdańsk,Północ,Miła,74C,52-625
103,Sopot,Południe,Miła,45B,55-824
104,Warszawa,Południe,Grunwaldzka,10A,16-271
105,Gdynia,Wschód,Pogodna,70B,85-264
106,Gdynia,Wschód,Sosnowa,68C,61-536
107,Gdańsk,Stare Miasto,Miła,82B,28-516
108,Kraków,Wschód,Klonowa,57A,85-524
109,Wrocław,Wschód,Piłsudskiego,47C,64-705
110,Poznań,Zachód,Miła,47B,57-913
111,Gdańsk,Stare Miasto,Grunwaldzka,65C,83-538
112,Gdańsk,Północ,Klonowa,22C,99-744
113,Poznań,Wschód,Mickiewicza,90A,65-995
114,Warszawa,Południe,Pogodna,53A,91-992
115,Gdynia,Centrum,Grunwaldzka,9A,47-924
116,Gdynia,Wschód,Klonowa,79A,84-180
117,Kraków,Zachód,Piłsudskiego,83B,96-134
118,Gdynia,Stare Miasto,Grunwaldzka,7B,78-977
119,Warszawa,Stare Miasto,Mickiewicza,5A,26-348
120,Kraków,Północ,Miła,30C,10-160
121,Poznań,Zachód,Grunwaldzka,89C,19-564
122,Warszawa,Południe,Sosnowa,61B,26-150
123,Sopot,Zachód,Pogodna,61C,84-779
124,Gdynia,Południe,Grunwaldzka,76A,45-360
125,Warszawa,Zachód,Grunwaldzka,13C,31-638
126,Sopot,Północ,Sosnowa,50C,77-423
127,Gdynia,Centrum,Piłsudskiego,76C,51-365
128,Wrocław,Wschód,Grunwaldzka,10A,38-659
129,Sopot,Wschód,Grunwaldzka,42B,28-255
130,Wrocław,Zachód,Miła,87A,42-514
131,Poznań,Zachód,Grunwaldzka,19A,60-720
132,Sopot,Wschód,Miła,67C,95-872
133,Kraków,Centrum,Piłsudskiego,45B,59-126
134,Gdańsk,Stare Miasto,Pogodna,82C,77-746
135,Sopot,Centrum,Miła,76B,46-518
136,Poznań,Centrum,Miła,85C,87-130
137,Kraków,Centrum,Grunwaldzka,6B,98-865
138,Poznań,Zachód,Mickiewicza,35B,44-870
139,Gdańsk,Wschód,Pogodna,17C,82-913
140,Sopot,Stare Miasto,Klonowa,15A,99-823
141,Wrocław,Centrum,Miła,73A,34-164
142,Poznań,Wschód,Pogodna,56C,79-470
143,Gdańsk,Zachód,Klonowa,71B,56-226
144,Poznań,Północ,Sosnowa,99A,17-964
145,Kraków,Wschód,Piłsudskiego,42C,37-344
146,Poznań,Wschód,Grunwaldzka,51A,72-312
147,Sopot,Zachód,Mickiewicza,5C,64-993
148,Gdynia,Północ,Mickiewicza,87C,84-414
149,Gdańsk,Północ,Grunwaldzka,71B,66-826
150,Warszawa,Północ,Miła,42B,38-464
151,Poznań,Południe,Mickiewicza,16C,82-422
152,Gdynia,Północ,Piłsudskiego,21A,32-999
153,Gdynia,Wschód,Klonowa,21A,28-560
154,Kraków,Centrum,Mickiewicza,97A,69-747
155,Warszawa,Zachód,Klonowa,21C,25-730
156,Poznań,Centrum,Sosnowa,43B,14-494
157,Wrocław,Północ,Grunwaldzka,37A,63-325
158,Warszawa,Południe,Miła,86C,35-967
159,Wrocław,Południe,Sosnowa,11C,82-197
160,Gdańsk,Południe,Sosnowa,14C,34-732
161,Gdynia,Północ,Grunwaldzka,32A,88-889
162,Gdańsk,Zachód,Grunwaldzka,60B,92-961
163,Warszawa,Północ,Mickiewicza,52B,67-713
164,Gdańsk,Południe,Klonowa,99C,70-426
165,Gdańsk,Zachód,Klonowa,72A,41-818
166,Gdańsk,Północ,Grunwaldzka,68A,18-110
167,Warszawa,Zachód,Mickiewicza,55B,67-278
168,Sopot,Północ,Miła,36A,45-949
169,Sopot,Stare Miasto,Mickiewicza,26C,55-697
170,Wrocław,Północ,Grunwaldzka,46C,15-917
171,Poznań,Centrum,Mickiewicza,9C,34-544
172,Sopot,Zachód,Piłsudskiego,55C,20-207
173,Wrocław,Północ,Klonowa,11C,26-699
174,Kraków,Centrum,Sosnowa,6B,19-569
175,Gdynia,Wschód,Pogodna,20A,17-208
176,Gdańsk,Wschód,Sosnowa,19C,13-514
177,Poznań,Centrum,Mickiewicza,54B,24-492
178,Kraków,Północ,Klonowa,37B,98-612
179,Kraków,Zachód,Miła,36A,59-627
180,Gdańsk,Stare Miasto,Grunwaldzka,54A,52-452
181,Wrocław,Zachód,Klonowa,69C,94-810
182,Sopot,Stare Miasto,Sosnowa,34B,50-585
183,Poznań,Centrum,Mickiewicza,99B,36-250
184,Sopot,Południe,Pogodna,15A,35-685
185,Gdańsk,Południe,Sosnowa,86A,26-130
186,Gdynia,Wschód,Pogodna,95A,17-906
187,Kraków,Centrum,Pogodna,98A,38-938
188,Gdańsk,Południe,Piłsudskiego,15B,22-251
189,Kraków,Zachód,Mickiewicza,19C,47-780
190,Wrocław,Północ,Klonowa,72A,32-355
191,Gdynia,Zachód,Piłsudskiego,49A,70-374
192,Gdynia,Centrum,Pogodna,52C,53-176
193,Sopot,Centrum,Mickiewicza,70B,72-541
194,Gdańsk,Stare Miasto,Grunwaldzka,7A,18-444
195,Poznań,Centrum,Klonowa,82C,65-819
196,Sopot,Północ,Miła,4C,98-621
197,Warszawa,Centrum,Sosnowa,86C,72-635
198,Warszawa,Centrum,Klonowa,42B,53-222
199,Kraków,Południe,Miła,49B,93-882
200,Poznań,Wschód,Sosnowa,10A,30-935
201,Gdynia,Południe,Klonowa,8B,35-189
202,Kraków,Wschód,Piłsudskiego,25B,47-460
203,Poznań,Wschód,Miła,81C,60-181
204,Kraków,Centrum,Grunwaldzka,4C,67-275
205,Gdańsk,Północ,Piłsudskiego,88B,94-121
206,Sopot,Stare Miasto,Pogodna,43B,45-597
207,Warszawa,Wschód,Miła,4A,28-470
208,Gdynia,Wschód,Klonowa,68A,72-889
209,Warszawa,Południe,Sosnowa,51A,23-346
210,Gdańsk,Centrum,Klonowa,12A,16-696
211,Gdańsk,Centrum,Miła,19B,37-528
212,Gdańsk,Wschód,Mickiewicza,34A,59-118
213,Poznań,Południe,Klonowa,4B,39-430
214,Sopot,Stare Miasto,Piłsudskiego,71C,74-875
215,Wrocław,Północ,Klonowa,28C,33-102
216,Kraków,Północ,Mickiewicza,40C,58-889
217,Poznań,Stare Miasto,Piłsudskiego,79C,55-193
218,Poznań,Wschód,Mickiewicza,64B,25-147
219,Gdynia,Zachód,Miła,73B,82-898
220,Wrocław,Centrum,Grunwaldzka,93A,92-934
221,Sopot,Wschód,Sosnowa,40C,46-547
222,Wrocław,Stare Miasto,Grunwaldzka,29A,51-828
223,Kraków,Stare Miasto,Piłsudskiego,90C,90-290
224,Gdynia,Południe,Grunwaldzka,41C,78-949
225,Poznań,Południe,Mickiewicza,19A,27-639
226,Gdańsk,Wschód,Piłsudskiego,27C,96-321
227,Sopot,Stare Miasto,Miła,51B,23-835
228,Sopot,Północ,Piłsudskiego,6B,28-208
229,Wrocław,Północ,Piłsudskiego,9C,49-688
230,Kraków,Zachód,Piłsudskiego,86B,24-933
231,Sopot,Wschód,Sosnowa,7B,31-966
232,Wrocław,Południe,Pogodna,33B,45-258
233,Sopot,Centrum,Mickiewicza,82A,52-679
234,Warszawa,Wschód,Grunwaldzka,29B,11-320
235,Poznań,Centrum,Miła,8C,94-703
236,Gdynia,Zachód,Pogodna,35C,64-540
237,Poznań,Centrum,Grunwaldzka,53C,10-940
238,Wrocław,Stare Miasto,Pogodna,64C,52-665
239,Kraków,Stare Miasto,Klonowa,62B,72-434
240,Gdańsk,Północ,Mickiewicza,76B,72-699
241,Wrocław,Północ,Pogodna,40A,59-552
242,Poznań,Zachód,Miła,44B,82-954
243,Poznań,Wschód,Klonowa,39B,64-402
244,Poznań,Zachód,Miła,71A,61-130
245,Kraków,Stare Miasto,Miła,17B,61-379
246,Kraków,Południe,Grunwaldzka,48B,42-385
247,Gdańsk,Centrum,Grunwaldzka,55A,38-332
248,Poznań,Południe,Miła,60C,74-492
249,Poznań,Zachód,Grunwaldzka,17A,19-650
250,Wrocław,Północ,Piłsudskiego,96A,46-807
251,Warszawa,Wschód,Klonowa,80C,24-489
252,Gdańsk,Północ,Klonowa,37B,80-865
253,Sopot,Wschód,Klonowa,82B,21-474
254,Sopot,Zachód,Klonowa,84A,84-782
255,Kraków,Stare Miasto,Mickiewicza,86C,96-629
256,Warszawa,Stare Miasto,Klonowa,7C,63-448
257,Wrocław,Wschód,Sosnowa,7A,41-216
258,Gdańsk,Zachód,Miła,13B,75-366
259,Poznań,Południe,Mickiewicza,59A,32-893
260,Kraków,Południe,Sosnowa,11C,54-391
261,Gdańsk,Południe,Pogodna,90A,21-638
262,Sopot,Wschód,Klonowa,16B,23-187
263,Sopot,Stare Miasto,Piłsudskiego,8A,34-190
264,Poznań,Stare Miasto,Sosnowa,19C,60-602
265,Wrocław,Stare Miasto,Piłsudskiego,23A,72-450
266,Wrocław,Stare Miasto,Piłsudskiego,4B,22-169
267,Poznań,Północ,Miła,11C,29-182
268,Gdańsk,Centrum,Piłsudskiego,69C,80-787
269,Sopot,Południe,Mickiewicza,90B,56-756
270,Poznań,Zachód,Pogodna,79C,40-834
271,Wrocław,Zachód,Miła,7C,55-680
272,Poznań,Zachód,Grunwaldzka,64C,67-402
273,Warszawa,Wschód,Klonowa,57C,66-587
274,Gdynia,Południe,Mickiewicza,31A,62-788
275,Warszawa,Zachód,Sosnowa,97A,21-638
276,Wrocław,Wschód,Miła,31A,65-672
277,Wrocław,Północ,Piłsudskiego,22A,16-913
278,Gdańsk,Centrum,Pogodna,3A,16-421
279,Warszawa,Zachód,Sosnowa,81C,95-675
280,Warszawa,Północ,Grunwaldzka,67C,74-991
281,Poznań,Wschód,Grunwaldzka,95C,22-793
282,Warszawa,Południe,Sosnowa,68B,26-265
283,Kraków,Północ,Klonowa,88A,23-288
284,Gdynia,Wschód,Klonowa,88C,68-973
285,Poznań,Stare Miasto,Piłsudskiego,95A,56-531
286,Poznań,Centrum,Piłsudskiego,19A,80-401
287,Warszawa,Wschód,Pogodna,40A,35-788
288,Gdynia,Wschód,Piłsudskiego,23A,19-795
289,Gdynia,Południe,Pogodna,67C,90-776
290,Kraków,Południe,Klonowa,25C,29-670
291,Kraków,Południe,Miła,4A,69-527
292,Wrocław,Stare Miasto,Klonowa,12C,33-952
293,Warszawa,Zachód,Mickiewicza,60C,38-292
294,Kraków,Wschód,Sosnowa,31C,69-239
295,Sopot,Stare Miasto,Grunwaldzka,21C,39-983
296,Sopot,Wschód,Sosnowa,90C,79-919
297,Gdynia,Zachód,Piłsudskiego,37A,44-944
298,Wrocław,Stare Miasto,Miła,87B,40-153
299,Poznań,Południe,Pogodna,84B,74-775
300,Sopot,Wschód,Pogodna,4B,11-690
301,Wrocław,Centrum,Klonowa,21A,23-730
302,Wrocław,Stare Miasto,Pogodna,100C,70-701
303,Warszawa,Stare Miasto,Pogodna,56B,30-608
304,Sopot,Wschód,Mickiewicza,31A,52-294
305,Sopot,Północ,Piłsudskiego,62C,50-429
306,Warszawa,Centrum,Miła,32B,53-813
307,Kraków,Północ,Piłsudskiego,26A,27-396
308,Wrocław,Zachód,Miła,50A,35-357
309,Wrocław,Stare Miasto,Grunwaldzka,2C,56-536
310,Sopot,Zachód,Pogodna,77C,46-226
311,Wrocław,Stare Miasto,Mickiewicza,66A,65-424
312,Poznań,Centrum,Miła,58C,80-440
313,Gdynia,Stare Miasto,Mickiewicza,59B,23-177
314,Gdynia,Wschód,Pogodna,36C,37-665
315,Wrocław,Zachód,Sosnowa,74B,90-535
316,Wrocław,Stare Miasto,Grunwaldzka,21B,64-625
317,Gdynia,Północ,Klonowa,3C,57-768
318,Gdańsk,Zachód,Pogodna,15B,59-733
319,Gdynia,Północ,Pogodna,24C,42-864
320,Kraków,Stare Miasto,Pogodna,17B,46-788
321,Kraków,Centrum,Sosnowa,33B,23-301
322,Gdynia,Południe,Klonowa,87B,20-675
323,Sopot,Centrum,Grunwaldzka,96B,17-240
324,Sopot,Wschód,Sosnowa,29C,82-545
325,Wrocław,Centrum,Pogodna,12C,55-815
326,Kraków,Północ,Miła,96C,65-928
327,Kraków,Stare Miasto,Piłsudskiego,3C,17-464
328,Poznań,Południe,Sosnowa,3A,68-947
329,Gdańsk,Zachód,Grunwaldzka,85B,81-549
330,Wrocław,Południe,Grunwaldzka,55A,50-767
331,Poznań,Wschód,Klonowa,40A,96-504
332,Gdynia,Wschód,Piłsudskiego,58B,14-567
333,Wrocław,Północ,Grunwaldzka,65A,26-308
334,Gdańsk,Wschód,Sosnowa,2A,23-876
335,Kraków,Zachód,Piłsudskiego,21A,85-475
336,Gdynia,Stare Miasto,Miła,59C,97-648
337,Wrocław,Centrum,Pogodna,24B,85-734
338,Gdańsk,Centrum,Sosnowa,31B,21-232
339,Gdynia,Północ,Miła,94C,86-998
340,Sopot,Północ,Klonowa,5B,66-117
341,Gdańsk,Zachód,Mickiewicza,38A,54-643
342,Warszawa,Południe,Grunwaldzka,84A,57-806
343,Sopot,Centrum,Pogodna,57B,62-887
344,Kraków,Zachód,Pogodna,58B,73-420
345,Gdańsk,Południe,Piłsudskiego,82C,69-996
346,Sopot,Centrum,Miła,70C,26-850
347,Poznań,Zachód,Mickiewicza,65A,85-544
348,Gdynia,Stare Miasto,Klonowa,53C,67-816
349,Wrocław,Stare Miasto,Pogodna,61C,99-243
350,Gdynia,Wschód,Grunwaldzka,39C,62-121
351,Warszawa,Zachód,Miła,87B,65-161
352,Gdynia,Zachód,Sosnowa,12A,57-465
353,Sopot,Południe,Klonowa,100C,15-167
354,Wrocław,Południe,Miła,54C,70-262
355,Gdynia,Stare Miasto,Piłsudskiego,44A,39-527
356,Gdynia,Centrum,Mickiewicza,57A,65-386
357,Gdańsk,Wschód,Klonowa,82B,29-902
358,Warszawa,Północ,Piłsudskiego,43B,47-803
359,Poznań,Zachód,Mickiewicza,58B,64-394
360,Gdynia,Stare Miasto,Klonowa,59C,55-277
361,Sopot,Północ,Sosnowa,11B,33-169
362,Kraków,Wschód,Grunwaldzka,64A,88-911
363,Kraków,Centrum,Piłsudskiego,2C,38-270
364,Warszawa,Centrum,Mickiewicza,55A,42-419
365,Gdynia,Stare Miasto,Miła,83C,27-426
366,Sopot,Północ,Piłsudskiego,11C,89-599
367,Poznań,Wschód,Miła,6C,44-903
368,Warszawa,Zachód,Grunwaldzka,80B,77-859
369,Sopot,Wschód,Sosnowa,53A,33-986
370,Gdynia,Północ,Sosnowa,85A,53-759
371,Gdynia,Zachód,Klonowa,37B,74-609
372,Gdańsk,Północ,Miła,48C,89-625
373,Wrocław,Stare Miasto,Grunwaldzka,16B,73-712
374,Gdynia,Stare Miasto,Miła,39B,27-784
375,Poznań,Centrum,Pogodna,35A,50-861
376,Kraków,Południe,Piłsudskiego,74C,90-200
377,Sopot,Wschód,Sosnowa,77B,66-485
378,Wrocław,Południe,Mickiewicza,72B,36-892
379,Gdynia,Stare Miasto,Miła,58C,64-423
380,Kraków,Zachód,Pogodna,44C,41-290
381,Kraków,Południe,Grunwaldzka,79C,49-319
382,Warszawa,Wschód,Klonowa,91A,39-896
383,Sopot,Południe,Mickiewicza,78C,33-915
384,Kraków,Centrum,Pogodna,13C,53-784
385,Gdynia,Południe,Klonowa,1B,45-751
386,Wrocław,Północ,Mickiewicza,58A,55-375
387,Gdynia,Zachód,Grunwaldzka,32C,84-874
388,Warszawa,Północ,Mickiewicza,29A,75-894
389,Gdańsk,Zachód,Mickiewicza,62C,51-183
390,Wrocław,Południe,Sosnowa,74C,43-869
391,Gdynia,Wschód,Mickiewicza,60A,30-704
392,Sopot,Wschód,Sosnowa,18B,40-424
393,Poznań,Północ,Sosnowa,31B,82-696
394,Poznań,Centrum,Pogodna,86A,42-110
395,Gdańsk,Wschód,Pogodna,79B,23-415
396,Gdynia,Wschód,Sosnowa,40C,75-886
397,Wrocław,Zachód,Miła,49B,45-460
398,Wrocław,Centrum,Miła,71A,45-250
399,Gdańsk,Północ,Grunwaldzka,28A,80-500
400,Warszawa,Stare Miasto,Pogodna,79A,18-601
401,Sopot,Stare Miasto,Pogodna,67C,72-178
402,Gdynia,Centrum,Pogodna,18B,35-636
403,Kraków,Centrum,Piłsudskiego,89C,19-595
404,Gdańsk,Północ,Pogodna,23B,52-158
405,Poznań,Wschód,Pogodna,3B,80-190
406,Poznań,Wschód,Piłsudskiego,81C,17-796
407,Warszawa,Wschód,Grunwaldzka,27C,14-141
408,Wrocław,Wschód,Mickiewicza,18A,55-359
409,Gdańsk,Północ,Sosnowa,35B,96-784
410,Wrocław,Północ,Klonowa,73A,52-964
411,Gdynia,Zachód,Grunwaldzka,48B,98-920
412,Wrocław,Centrum,Pogodna,20C,28-777
413,Gdynia,Północ,Sosnowa,85C,50-756
414,Gdańsk,Południe,Sosnowa,55A,14-686
415,Kraków,Północ,Pogodna,29B,96-218
416,Gdynia,Stare Miasto,Klonowa,85A,66-765
417,Wrocław,Stare Miasto,Miła,65B,80-402
418,Warszawa,Południe,Mickiewicza,6C,78-501
419,Warszawa,Południe,Grunwaldzka,5A,95-303
420,Wrocław,Wschód,Klonowa,98C,48-123
421,Gdańsk,Wschód,Sosnowa,19A,66-304
422,Warszawa,Centrum,Miła,7B,94-133
423,Wrocław,Centrum,Pogodna,47A,45-173
424,Kraków,Południe,Piłsudskiego,9C,59-547
425,Gdynia,Zachód,Pogodna,93C,36-944
426,Sopot,Północ,Piłsudskiego,31A,73-553
427,Wrocław,Centrum,Grunwaldzka,37B,93-909
428,Gdańsk,Zachód,Grunwaldzka,39B,60-517
429,Kraków,Stare Miasto,Grunwaldzka,91C,59-915
430,Warszawa,Stare Miasto,Klonowa,25A,10-810
431,Warszawa,Wschód,Miła,54B,66-899
432,Gdynia,Północ,Pogodna,34A,18-603
433,Sopot,Zachód,Sosnowa,67B,53-698
434,Wrocław,Północ,Grunwaldzka,38C,74-874
435,Warszawa,Południe,Klonowa,88C,91-356
436,Wrocław,Zachód,Mickiewicza,17B,40-584
437,Poznań,Stare Miasto,Sosnowa,85B,72-481
438,Poznań,Północ,Mickiewicza,84A,85-399
439,Sopot,Południe,Pogodna,21A,50-850
440,Warszawa,Południe,Klonowa,75A,91-676
441,Wrocław,Centrum,Grunwaldzka,1B,18-927
442,Gdynia,Stare Miasto,Sosnowa,4B,56-922
443,Wrocław,Północ,Grunwaldzka,17B,50-565
444,Wrocław,Wschód,Mickiewicza,36A,16-923
445,Gdynia,Wschód,Pogodna,13B,33-367
446,Poznań,Stare Miasto,Mickiewicza,83B,72-580
447,Gdańsk,Północ,Klonowa,39B,66-259
448,Kraków,Centrum,Mickiewicza,69A,81-404
449,Gdańsk,Wschód,Pogodna,63C,45-378
450,Wrocław,Zachód,Mickiewicza,64B,83-594
451,Gdynia,Zachód,Miła,69A,33-943
452,Gdynia,Północ,Sosnowa,3C,39-162
453,Wrocław,Północ,Mickiewicza,42B,17-805
454,Gdynia,Stare Miasto,Sosnowa,53B,89-568
455,Gdańsk,Wschód,Piłsudskiego,87B,53-285
456,Poznań,Centrum,Grunwaldzka,19C,60-483
457,Warszawa,Południe,Piłsudskiego,88A,48-957
458,Sopot,Zachód,Pogodna,12B,20-866
459,Poznań,Wschód,Miła,8A,58-891
460,Wrocław,Stare Miasto,Sosnowa,59B,55-862
461,Wrocław,Południe,Grunwaldzka,12C,29-736
462,Gdańsk,Stare Miasto,Sosnowa,85A,43-413
463,Gdańsk,Zachód,Mickiewicza,21A,57-718
464,Poznań,Stare Miasto,Miła,51A,39-855
465,Gdynia,Wschód,Sosnowa,27C,69-738
466,Warszawa,Stare Miasto,Miła,67C,61-993
467,Gdynia,Centrum,Mickiewicza,12C,40-104
468,Wrocław,Zachód,Pogodna,82C,22-673
469,Poznań,Południe,Pogodna,49B,50-715
470,Gdynia,Centrum,Klonowa,67C,69-381
471,Poznań,Wschód,Mickiewicza,23C,50-115
472,Poznań,Północ,Mickiewicza,29B,58-513
473,Sopot,Stare Miasto,Piłsudskiego,8C,41-262
474,Sopot,Północ,Piłsudskiego,37C,54-602
475,Poznań,Południe,Miła,69B,43-341
476,Sopot,Południe,Piłsudskiego,50C,72-736
477,Gdańsk,Centrum,Mickiewicza,47C,75-193
478,Warszawa,Wschód,Miła,61A,12-950
479,Gdańsk,Wschód,Klonowa,81B,67-742
480,Wrocław,Wschód,Miła,33B,93-939
481,Sopot,Stare Miasto,Mickiewicza,14C,69-248
482,Wrocław,Wschód,Sosnowa,84C,27-344
483,Gdańsk,Północ,Sosnowa,4C,43-874
484,Gdańsk,Stare Miasto,Pogodna,20A,38-855
485,Gdynia,Południe,Mickiewicza,30C,84-278
486,Gdynia,Zachód,Pogodna,67A,13-204
487,Gdynia,Północ,Sosnowa,84A,57-727
488,Kraków,Centrum,Mickiewicza,83A,17-322
489,Sopot,Centrum,Grunwaldzka,47A,18-547
490,Wrocław,Południe,Sosnowa,38A,20-690
491,Wrocław,Zachód,Klonowa,98B,78-194
492,Gdynia,Południe,Miła,39A,19-247
493,Gdynia,Wschód,Klonowa,15A,20-324
494,Sopot,Stare Miasto,Grunwaldzka,73B,99-739
495,Warszawa,Wschód,Sosnowa,12C,41-606
496,Kraków,Południe,Miła,90C,66-642
497,Sopot,Zachód,Miła,61B,87-425
498,Warszawa,Centrum,Klonowa,20B,43-190
499,Gdynia,Południe,Sosnowa,82C,96-169
500,Sopot,Centrum,Klonowa,5C,32-957
501,Poznań,Południe,Grunwaldzka,37B,57-581
502,Warszawa,Północ,Piłsudskiego,91B,68-592
503,Gdańsk,Centrum,Mickiewicza,44C,81-648
504,Kraków,Zachód,Pogodna,37B,17-702
505,Gdynia,Północ,Miła,95A,52-582
506,Poznań,Centrum,Grunwaldzka,31C,14-255
507,Warszawa,Wschód,Piłsudskiego,44C,38-651
508,Poznań,Południe,Klonowa,80B,40-283
509,Poznań,Wschód,Grunwaldzka,84A,33-956
510,Wrocław,Południe,Klonowa,66B,53-728
511,Gdynia,Południe,Grunwaldzka,37B,75-717
512,Wrocław,Centrum,Piłsudskiego,65C,48-147
513,Gdynia,Stare Miasto,Miła,25C,42-669
514,Poznań,Południe,Mickiewicza,66B,27-423
515,Wrocław,Stare Miasto,Sosnowa,76C,66-705
516,Sopot,Wschód,Pogodna,90B,25-148
517,Gdynia,Zachód,Grunwaldzka,79B,29-634
518,Sopot,Wschód,Piłsudskiego,12B,18-110
519,Warszawa,Północ,Pogodna,74C,74-440
520,Kraków,Wschód,Sosnowa,79B,27-757
521,Sopot,Zachód,Grunwaldzka,65C,93-102
522,Kraków,Zachód,Pogodna,42C,71-992
523,Poznań,Wschód,Klonowa,32B,25-369
524,Poznań,Południe,Pogodna,74B,49-303
525,Gdynia,Wschód,Sosnowa,5A,35-696
526,Warszawa,Stare Miasto,Miła,67A,72-326
527,Gdańsk,Zachód,Mickiewicza,89B,84-730
528,Gdańsk,Południe,Pogodna,87C,71-490
529,Warszawa,Południe,Mickiewicza,31C,25-682
530,Wrocław,Centrum,Klonowa,85A,94-630
531,Kraków,Południe,Mickiewicza,61B,39-842
532,Gdańsk,Północ,Piłsudskiego,11A,74-244
533,Wrocław,Wschód,Klonowa,18C,89-694
534,Gdynia,Północ,Grunwaldzka,89B,13-198
535,Wrocław,Zachód,Klonowa,21B,70-516
536,Wrocław,Centrum,Sosnowa,13C,26-394
537,Poznań,Północ,Grunwaldzka,27B,11-916
538,Wrocław,Centrum,Miła,61B,90-730
539,Warszawa,Stare Miasto,Klonowa,87B,20-834
540,Sopot,Wschód,Klonowa,32C,96-603
541,Sopot,Zachód,Mickiewicza,41A,18-875
542,Gdynia,Zachód,Miła,45A,79-126
543,Sopot,Północ,Klonowa,38A,57-390
544,Gdańsk,Stare Miasto,Mickiewicza,91B,24-784
545,Kraków,Południe,Pogodna,31C,20-413
546,Wrocław,Centrum,Klonowa,93B,35-209
547,Gdynia,Centrum,Grunwaldzka,64C,48-121
548,Warszawa,Centrum,Grunwaldzka,11C,64-460
549,Sopot,Wschód,Mickiewicza,2B,44-758
550,Poznań,Stare Miasto,Sosnowa,50A,97-944
551,Wrocław,Zachód,Klonowa,14B,81-214
552,Sopot,Centrum,Klonowa,51A,28-257
553,Kraków,Centrum,Klonowa,25A,36-378
554,Gdynia,Południe,Klonowa,27A,95-984
555,Sopot,Stare Miasto,Pogodna,58C,56-543
556,Poznań,Zachód,Sosnowa,95A,33-483
557,Gdańsk,Centrum,Mickiewicza,90B,80-977
558,Kraków,Wschód,Pogodna,18C,88-400
559,Poznań,Południe,Mickiewicza,27B,46-880
560,Gdańsk,Zachód,Klonowa,19A,82-515
561,Poznań,Zachód,Klonowa,4C,96-156
562,Warszawa,Stare Miasto,Klonowa,2A,62-607
563,Sopot,Stare Miasto,Miła,63C,22-166
564,Sopot,Północ,Sosnowa,79C,49-554
565,Gdańsk,Stare Miasto,Mickiewicza,29C,57-420
566,Sopot,Północ,Grunwaldzka,28A,37-687
567,Gdynia,Południe,Piłsudskiego,96C,81-656
568,Poznań,Wschód,Sosnowa,51C,53-465
569,Wrocław,Północ,Miła,98C,95-133
570,Gdańsk,Stare Miasto,Piłsudskiego,23C,78-182
571,Gdynia,Południe,Klonowa,65B,45-706
572,Gdynia,Południe,Sosnowa,6A,40-414
573,Gdańsk,Północ,Miła,25B,58-939
574,Gdańsk,Stare Miasto,Miła,34C,21-305
575,Kraków,Południe,Piłsudskiego,90C,43-191
576,Sopot,Północ,Sosnowa,43A,12-364
577,Warszawa,Północ,Sosnowa,29B,23-883
578,Poznań,Wschód,Sosnowa,17A,88-703
579,Poznań,Wschód,Pogodna,40C,99-146
580,Poznań,Zachód,Piłsudskiego,96C,87-133
581,Gdynia,Stare Miasto,Grunwaldzka,65C,53-367
582,Poznań,Centrum,Sosnowa,32B,38-223
583,Kraków,Północ,Miła,87B,58-782
584,Poznań,Południe,Grunwaldzka,11A,78-369
585,Wrocław,Stare Miasto,Piłsudskiego,17A,49-658
586,Wrocław,Wschód,Piłsudskiego,13C,84-193
587,Wrocław,Centrum,Klonowa,6C,75-199
588,Gdańsk,Południe,Pogodna,40A,15-446
589,Gdańsk,Północ,Miła,66B,94-220
590,Gdańsk,Wschód,Sosnowa,65B,25-594
591,Sopot,Zachód,Sosnowa,57C,86-610
592,Gdynia,Centrum,Klonowa,6A,58-609
593,Kraków,Zachód,Sosnowa,39C,98-842
594,Warszawa,Zachód,Piłsudskiego,97B,23-709
595,Gdańsk,Centrum,Piłsudskiego,24A,96-121
596,Gdynia,Zachód,Grunwaldzka,22C,87-716
597,Gdańsk,Stare Miasto,Sosnowa,60C,23-368
598,Sopot,Południe,Pogodna,8A,60-369
599,Wrocław,Zachód,Sosnowa,34C,20-875
600,Gdynia,Zachód,Grunwaldzka,51A,20-425
601,Gdańsk,Zachód,Pogodna,17B,86-170
602,Gdynia,Stare Miasto,Pogodna,46B,18-177
603,Gdynia,Zachód,Klonowa,36B,10-493
604,Gdańsk,Południe,Pogodna,27A,12-582
605,Gdańsk,Zachód,Grunwaldzka,15A,29-507
606,Gdańsk,Zachód,Mickiewicza,9B,41-680
607,Sopot,Wschód,Pogodna,15A,53-738
608,Sopot,Centrum,Grunwaldzka,40B,58-724
609,Kraków,Południe,Mickiewicza,66B,78-362
610,Kraków,Północ,Mickiewicza,48A,81-615
611,Sopot,Północ,Klonowa,97C,54-985
612,Gdynia,Stare Miasto,Mickiewicza,2C,59-437
613,Kraków,Południe,Miła,41A,27-108
614,Poznań,Południe,Piłsudskiego,39C,84-871
615,Poznań,Północ,Klonowa,57C,65-612
616,Gdańsk,Stare Miasto,Mickiewicza,36C,46-710
617,Gdańsk,Centrum,Mickiewicza,96B,99-962
618,Gdańsk,Centrum,Mickiewicza,29B,55-213
619,Wrocław,Południe,Klonowa,7A,77-910
620,Poznań,Wschód,Pogodna,69B,29-755
621,Sopot,Stare Miasto,Piłsudskiego,78C,44-758
622,Sopot,Stare Miasto,Piłsudskiego,50C,91-112
623,Wrocław,Północ,Pogodna,42A,40-561
624,Wrocław,Stare Miasto,Grunwaldzka,77B,88-170
625,Gdańsk,Północ,Sosnowa,86A,13-637
626,Kraków,Stare Miasto,Piłsudskiego,46B,34-455
627,Poznań,Wschód,Mickiewicza,4A,76-562
628,Wrocław,Wschód,Klonowa,45A,87-532
629,Gdynia,Południe,Grunwaldzka,93C,83-963
630,Gdynia,Wschód,Klonowa,57C,17-746
631,Wrocław,Zachód,Klonowa,35B,39-787
632,Gdańsk,Stare Miasto,Klonowa,66A,99-327
633,Kraków,Wschód,Piłsudskiego,60C,79-433
634,Warszawa,Zachód,Sosnowa,2A,98-159
635,Sopot,Zachód,Miła,3B,12-289
636,Kraków,Stare Miasto,Sosnowa,40C,45-977
637,Sopot,Zachód,Mickiewicza,97B,88-659
638,Gdynia,Południe,Miła,18A,34-864
639,Wrocław,Wschód,Sosnowa,89A,45-564
640,Gdańsk,Zachód,Klonowa,27A,29-461
641,Sopot,Zachód,Miła,92C,93-158
642,Warszawa,Południe,Pogodna,16B,10-339
643,Poznań,Południe,Grunwaldzka,36A,88-285
644,Kraków,Wschód,Klonowa,90A,58-292
645,Poznań,Południe,Klonowa,35C,71-810
646,Gdańsk,Zachód,Mickiewicza,56C,15-548
647,Poznań,Stare Miasto,Klonowa,83A,16-594
648,Wrocław,Centrum,Piłsudskiego,13A,36-330
649,Warszawa,Stare Miasto,Sosnowa,60B,94-444
650,Kraków,Centrum,Sosnowa,47B,82-265
651,Kraków,Zachód,Pogodna,9C,27-219
652,Kraków,Wschód,Miła,49C,10-876
653,Warszawa,Wschód,Grunwaldzka,47A,46-651
654,Wrocław,Północ,Miła,21A,62-995
655,Gdynia,Północ,Grunwaldzka,49A,22-404
656,Gdańsk,Wschód,Klonowa,69B,48-272
657,Poznań,Wschód,Piłsudskiego,78C,59-272
658,Poznań,Wschód,Mickiewicza,72C,69-366
659,Kraków,Południe,Pogodna,71C,59-518
660,Sopot,Zachód,Piłsudskiego,55C,65-686
661,Warszawa,Centrum,Klonowa,44A,43-770
662,Gdańsk,Południe,Mickiewicza,71B,66-563
663,Sopot,Północ,Piłsudskiego,30B,84-775
664,Gdańsk,Północ,Grunwaldzka,82A,99-237
665,Wrocław,Zachód,Piłsudskiego,88C,36-972
666,Poznań,Południe,Klonowa,8C,46-975
667,Sopot,Zachód,Klonowa,35A,21-209
668,Gdynia,Zachód,Grunwaldzka,92A,97-933
669,Warszawa,Stare Miasto,Pogodna,28B,65-443
670,Wrocław,Centrum,Sosnowa,52B,73-796
671,Warszawa,Zachód,Mickiewicza,79A,37-120
672,Sopot,Północ,Klonowa,69C,74-361
673,Gdynia,Zachód,Piłsudskiego,10A,31-192
674,Gdynia,Wschód,Pogodna,33A,88-661
675,Warszawa,Południe,Grunwaldzka,32A,94-249
676,Kraków,Wschód,Sosnowa,26C,75-266
677,Sopot,Zachód,Pogodna,75C,93-492
678,Warszawa,Wschód,Sosnowa,60B,23-224
679,Warszawa,Zachód,Miła,89A,85-613
680,Poznań,Północ,Mickiewicza,24C,23-574
681,Kraków,Centrum,Sosnowa,60B,59-387
682,Wrocław,Południe,Grunwaldzka,28A,19-715
683,Warszawa,Zachód,Grunwaldzka,65A,57-125
684,Sopot,Południe,Sosnowa,63B,72-541
685,Warszawa,Centrum,Klonowa,63C,39-658
686,Kraków,Centrum,Grunwaldzka,21A,98-193
687,Sopot,Wschód,Piłsudskiego,37A,23-261
688,Gdynia,Północ,Grunwaldzka,66A,57-379
689,Poznań,Południe,Mickiewicza,31A,67-898
690,Wrocław,Wschód,Sosnowa,70B,29-990
691,Sopot,Zachód,Miła,32C,19-340
692,Gdańsk,Południe,Piłsudskiego,64C,26-979
693,Kraków,Centrum,Grunwaldzka,100C,93-764
694,Poznań,Wschód,Pogodna,38A,53-760
695,Kraków,Centrum,Grunwaldzka,93B,20-358
696,Sopot,Południe,Miła,96A,16-571
697,Warszawa,Południe,Miła,97B,15-680
698,Warszawa,Południe,Sosnowa,19B,37-490
699,Wrocław,Północ,Pogodna,9B,67-723
700,Sopot,Centrum,Grunwaldzka,93C,45-967
701,Sopot,Wschód,Sosnowa,54C,96-303
702,Gdynia,Zachód,Mickiewicza,37C,93-940
703,Wrocław,Wschód,Grunwaldzka,37C,17-511
704,Warszawa,Południe,Klonowa,34B,22-403
705,Wrocław,Centrum,Mickiewicza,30C,93-883
706,Warszawa,Zachód,Klonowa,59B,90-907
707,Poznań,Północ,Piłsudskiego,67C,56-645
708,Kraków,Zachód,Klonowa,61C,92-400
709,Warszawa,Zachód,Pogodna,46A,30-710
710,Wrocław,Południe,Mickiewicza,93B,52-431
711,Poznań,Centrum,Pogodna,96A,14-636
712,Wrocław,Wschód,Sosnowa,13C,31-538
713,Poznań,Centrum,Piłsudskiego,65A,65-777
714,Sopot,Stare Miasto,Miła,43C,10-388
715,Poznań,Południe,Piłsudskiego,93C,72-956
716,Wrocław,Północ,Mickiewicza,25B,25-493
717,Sopot,Stare Miasto,Miła,84A,56-386
718,Kraków,Północ,Grunwaldzka,14A,19-397
719,Wrocław,Zachód,Mickiewicza,87B,71-467
720,Sopot,Wschód,Sosnowa,97A,79-205
721,Gdańsk,Południe,Piłsudskiego,87C,13-469
722,Gdańsk,Stare Miasto,Sosnowa,8B,50-767
723,Warszawa,Zachód,Miła,30A,19-932
724,Warszawa,Północ,Miła,72C,84-259
725,Wrocław,Centrum,Sosnowa,14A,82-196
726,Gdańsk,Zachód,Sosnowa,74B,90-197
727,Gdynia,Stare Miasto,Mickiewicza,18C,69-537
728,Warszawa,Zachód,Miła,73C,39-677
729,Gdańsk,Południe,Mickiewicza,32A,51-566
730,Kraków,Północ,Klonowa,36B,38-476
731,Poznań,Północ,Klonowa,37C,24-487
732,Wrocław,Południe,Miła,87B,80-611
733,Kraków,Centrum,Miła,72A,39-666
734,Gdańsk,Wschód,Sosnowa,13B,53-968
735,Kraków,Stare Miasto,Grunwaldzka,19C,53-198
736,Warszawa,Zachód,Mickiewicza,91A,82-226
737,Warszawa,Południe,Pogodna,17C,14-235
738,Poznań,Centrum,Grunwaldzka,100C,65-126
739,Wrocław,Stare Miasto,Pogodna,74B,38-689
740,Kraków,Zachód,Klonowa,27C,72-764
741,Warszawa,Północ,Miła,61C,30-569
742,Wrocław,Zachód,Pogodna,54B,81-535
743,Wrocław,Wschód,Grunwaldzka,92B,31-180
744,Kraków,Północ,Klonowa,26B,99-320
745,Gdańsk,Centrum,Pogodna,30B,90-776
746,Kraków,Centrum,Sosnowa,15B,96-882
747,Poznań,Stare Miasto,Pogodna,32A,13-714
748,Kraków,Północ,Miła,41C,37-550
749,Kraków,Zachód,Sosnowa,10B,27-157
750,Warszawa,Wschód,Klonowa,95A,56-361
751,Warszawa,Zachód,Miła,9B,19-772
752,Poznań,Wschód,Pogodna,99C,33-435
753,Poznań,Północ,Sosnowa,58C,17-202
754,Kraków,Południe,Klonowa,48B,14-595
755,Gdańsk,Wschód,Mickiewicza,3A,36-568
756,Poznań,Północ,Piłsudskiego,28B,83-735
757,Kraków,Północ,Mickiewicza,75B,41-420
758,Wrocław,Centrum,Klonowa,62B,33-424
759,Wrocław,Południe,Klonowa,26B,94-427
760,Wrocław,Zachód,Grunwaldzka,13B,12-452
761,Warszawa,Stare Miasto,Miła,73B,68-742
762,Wrocław,Południe,Sosnowa,9C,95-963
763,Kraków,Zachód,Grunwaldzka,68A,66-404
764,Sopot,Północ,Grunwaldzka,86A,33-358
765,Kraków,Zachód,Mickiewicza,74A,55-686
766,Wrocław,Północ,Sosnowa,60A,85-421
767,Kraków,Północ,Pogodna,6C,54-402
768,Gdańsk,Wschód,Sosnowa,70C,49-554
769,Wrocław,Południe,Pogodna,77C,49-395
770,Poznań,Północ,Sosnowa,28B,79-825
771,Warszawa,Zachód,Sosnowa,56B,69-443
772,Kraków,Centrum,Grunwaldzka,78C,96-677
773,Poznań,Stare Miasto,Sosnowa,36A,32-843
774,Gdynia,Północ,Sosnowa,33A,37-205
775,Gdańsk,Północ,Piłsudskiego,69C,39-132
776,Gdynia,Północ,Sosnowa,1A,57-419
777,Kraków,Południe,Sosnowa,47C,81-351
778,Sopot,Stare Miasto,Grunwaldzka,16C,44-470
779,Poznań,Stare Miasto,Pogodna,7B,73-609
780,Poznań,Wschód,Sosnowa,19B,63-957
781,Poznań,Wschód,Grunwaldzka,57B,62-905
782,Gdynia,Zachód,Sosnowa,9A,17-256
783,Kraków,Południe,Sosnowa,59C,92-810
784,Warszawa,Zachód,Mickiewicza,91C,46-988
785,Gdynia,Północ,Grunwaldzka,54C,66-579
786,Gdańsk,Stare Miasto,Piłsudskiego,31B,19-711
787,Sopot,Południe,Grunwaldzka,42C,38-925
788,Poznań,Zachód,Pogodna,26B,39-974
789,Gdańsk,Wschód,Miła,20B,21-515
790,Gdynia,Stare Miasto,Mickiewicza,1C,51-288
791,Gdańsk,Wschód,Pogodna,51C,99-249
792,Gdańsk,Stare Miasto,Piłsudskiego,19B,50-691
793,Gdynia,Stare Miasto,Grunwaldzka,65C,44-295
794,Sopot,Wschód,Pogodna,34A,90-754
795,Kraków,Zachód,Klonowa,10B,52-901
796,Poznań,Południe,Klonowa,30B,76-737
797,Gdańsk,Południe,Miła,95A,11-773
798,Poznań,Północ,Klonowa,53A,56-837
799,Gdynia,Centrum,Sosnowa,81B,20-639
800,Kraków,Południe,Klonowa,67C,68-882
801,Sopot,Centrum,Sosnowa,47C,80-562
802,Poznań,Zachód,Mickiewicza,32C,66-501
803,Kraków,Zachód,Klonowa,52A,45-903
804,Kraków,Zachód,Piłsudskiego,61C,47-326
805,Kraków,Wschód,Klonowa,62A,75-498
806,Kraków,Centrum,Piłsudskiego,34C,33-108
807,Sopot,Południe,Grunwaldzka,35A,77-558
808,Poznań,Północ,Piłsudskiego,51A,81-250
809,Gdynia,Wschód,Miła,26C,34-604
810,Wrocław,Północ,Grunwaldzka,25A,80-855
811,Gdynia,Stare Miasto,Mickiewicza,22B,55-702
812,Sopot,Południe,Pogodna,66B,61-171
813,Kraków,Zachód,Klonowa,66A,17-496
814,Warszawa,Południe,Sosnowa,71B,51-926
815,Sopot,Południe,Miła,64C,82-969
816,Wrocław,Wschód,Sosnowa,94C,86-411
817,Sopot,Wschód,Grunwaldzka,57B,32-457
818,Poznań,Południe,Grunwaldzka,99C,38-940
819,Poznań,Centrum,Mickiewicza,83A,97-201
820,Kraków,Wschód,Miła,3B,21-286
821,Warszawa,Wschód,Grunwaldzka,30C,72-450
822,Wrocław,Południe,Pogodna,62A,62-277
823,Sopot,Wschód,Piłsudskiego,66B,69-140
824,Wrocław,Stare Miasto,Mickiewicza,100C,13-551
825,Warszawa,Północ,Miła,9A,87-598
826,Kraków,Wschód,Pogodna,57C,62-848
827,Warszawa,Północ,Klonowa,5B,84-981
828,Poznań,Stare Miasto,Piłsudskiego,46B,14-217
829,Sopot,Południe,Klonowa,1C,44-354
830,Gdańsk,Południe,Pogodna,50C,26-349
831,Warszawa,Zachód,Piłsudskiego,26B,87-133
832,Wrocław,Centrum,Klonowa,35C,75-723
833,Kraków,Stare Miasto,Grunwaldzka,18B,87-356
834,Sopot,Południe,Pogodna,21C,64-237
835,Gdańsk,Stare Miasto,Sosnowa,34B,50-185
836,Warszawa,Północ,Sosnowa,57A,74-280
837,Gdynia,Centrum,Miła,92C,49-736
838,Gdynia,Zachód,Piłsudskiego,76A,61-944
839,Warszawa,Centrum,Klonowa,81B,44-830
840,Kraków,Centrum,Piłsudskiego,92A,27-232
841,Kraków,Północ,Klonowa,53A,54-941
842,Poznań,Zachód,Klonowa,6B,70-421
843,Kraków,Wschód,Piłsudskiego,34A,43-283
844,Poznań,Południe,Pogodna,33B,56-970
845,Gdynia,Południe,Mickiewicza,76A,14-276
846,Gdynia,Południe,Sosnowa,65B,55-262
847,Gdynia,Południe,Pogodna,70C,66-267
848,Sopot,Zachód,Grunwaldzka,90A,59-312
849,Warszawa,Zachód,Grunwaldzka,100C,42-123
850,Warszawa,Północ,Mickiewicza,9A,21-841
851,Kraków,Stare Miasto,Klonowa,53C,64-117
852,Sopot,Wschód,Pogodna,74B,52-307
853,Poznań,Południe,Piłsudskiego,27C,38-133
854,Sopot,Stare Miasto,Miła,68B,43-534
855,Gdynia,Stare Miasto,Miła,85A,72-736
856,Gdynia,Zachód,Sosnowa,83A,24-187
857,Kraków,Północ,Pogodna,51C,84-716
858,Sopot,Stare Miasto,Pogodna,95C,83-938
859,Warszawa,Stare Miasto,Sosnowa,51A,71-978
860,Kraków,Wschód,Miła,21A,17-594
861,Gdynia,Wschód,Pogodna,31B,39-436
862,Sopot,Centrum,Piłsudskiego,31B,16-448
863,Kraków,Stare Miasto,Piłsudskiego,98A,73-383
864,Wrocław,Południe,Grunwaldzka,80B,73-902
865,Gdańsk,Południe,Sosnowa,71B,28-843
866,Warszawa,Centrum,Pogodna,36A,33-900
867,Gdynia,Północ,Pogodna,9C,45-254
868,Sopot,Centrum,Piłsudskiego,8B,61-895
869,Poznań,Stare Miasto,Piłsudskiego,70A,38-922
870,Warszawa,Północ,Pogodna,21C,65-593
871,Poznań,Południe,Sosnowa,98C,64-339
872,Poznań,Stare Miasto,Grunwaldzka,38B,16-431
873,Poznań,Wschód,Miła,29B,69-300
874,Gdańsk,Północ,Piłsudskiego,67B,39-750
875,Gdynia,Zachód,Sosnowa,79A,63-290
876,Gdynia,Centrum,Sosnowa,68C,88-247
877,Gdańsk,Stare Miasto,Klonowa,83A,84-414
878,Gdańsk,Centrum,Mickiewicza,21A,89-713
879,Sopot,Południe,Miła,81B,27-376
880,Poznań,Zachód,Pogodna,16A,54-183
881,Sopot,Północ,Miła,40A,13-831
882,Gdańsk,Stare Miasto,Sosnowa,73C,84-899
883,Gdynia,Południe,Grunwaldzka,10B,76-407
884,Poznań,Południe,Klonowa,69B,22-666
885,Wrocław,Wschód,Sosnowa,29A,20-507
886,Gdynia,Wschód,Grunwaldzka,46C,52-448
887,Gdynia,Zachód,Miła,2A,96-657
888,Gdynia,Południe,Grunwaldzka,54C,47-979
889,Gdynia,Południe,Sosnowa,77A,84-537
890,Gdańsk,Centrum,Grunwaldzka,8A,78-965
891,Gdynia,Północ,Piłsudskiego,84A,45-849
892,Kraków,Wschód,Mickiewicza,68B,80-316
893,Poznań,Wschód,Miła,77B,19-259
894,Gdynia,Północ,Piłsudskiego,13B,82-595
895,Poznań,Wschód,Miła,75C,21-902
896,Poznań,Północ,Sosnowa,38A,29-637
897,Poznań,Stare Miasto,Grunwaldzka,84A,13-522
898,Sopot,Stare Miasto,Grunwaldzka,59B,99-218
899,Gdynia,Centrum,Pogodna,69A,79-273
900,Gdynia,Stare Miasto,Piłsudskiego,36B,55-480
901,Poznań,Północ,Klonowa,75C,35-623
902,Warszawa,Wschód,Grunwaldzka,9C,95-528
903,Gdańsk,Południe,Sosnowa,60C,18-238
904,Kraków,Zachód,Grunwaldzka,98A,82-226
905,Kraków,Północ,Klonowa,34B,26-255
906,Sopot,Centrum,Sosnowa,98B,26-766
907,Gdańsk,Wschód,Klonowa,60B,38-180
908,Kraków,Południe,Grunwaldzka,9A,81-843
909,Wrocław,Stare Miasto,Piłsudskiego,39C,76-695
910,Wrocław,Stare Miasto,Mickiewicza,2B,27-904
911,Sopot,Wschód,Pogodna,9B,40-136
912,Gdańsk,Południe,Mickiewicza,37B,95-171
913,Gdynia,Wschód,Miła,53C,40-313
914,Kraków,Północ,Miła,42C,71-470
915,Poznań,Południe,Mickiewicza,19B,71-473
916,Poznań,Północ,Klonowa,7B,75-439
917,Kraków,Zachód,Klonowa,60B,12-171
918,Kraków,Stare Miasto,Klonowa,38B,52-135
919,Warszawa,Południe,Klonowa,44B,86-907
920,Poznań,Południe,Klonowa,22C,20-613
921,Sopot,Zachód,Mickiewicza,67B,24-532
922,Warszawa,Wschód,Pogodna,48B,30-224
923,Kraków,Stare Miasto,Pogodna,2C,97-872
924,Poznań,Stare Miasto,Miła,86C,82-720
925,Poznań,Centrum,Piłsudskiego,96C,68-483
926,Sopot,Zachód,Sosnowa,6A,83-441
927,Sopot,Południe,Grunwaldzka,96B,27-824
928,Warszawa,Stare Miasto,Miła,42A,79-382
929,Kraków,Wschód,Klonowa,20B,23-270
930,Wrocław,Wschód,Pogodna,73C,55-829
931,Poznań,Południe,Grunwaldzka,46C,33-349
932,Poznań,Centrum,Sosnowa,56B,79-177
933,Poznań,Północ,Klonowa,22C,56-507
934,Gdańsk,Południe,Klonowa,41B,71-682
935,Wrocław,Południe,Grunwaldzka,32A,71-439
936,Sopot,Centrum,Grunwaldzka,72C,25-964
937,Warszawa,Północ,Miła,6A,64-752
938,Kraków,Wschód,Grunwaldzka,54C,32-378
939,Wrocław,Wschód,Grunwaldzka,50C,50-669
940,Wrocław,Południe,Pogodna,12C,67-719
941,Poznań,Centrum,Piłsudskiego,13C,34-816
942,Gdańsk,Południe,Klonowa,19B,82-325
943,Kraków,Południe,Klonowa,40A,67-542
944,Kraków,Centrum,Klonowa,39C,99-925
945,Gdynia,Wschód,Miła,5A,45-879
946,Gdynia,Zachód,Pogodna,21B,77-307
947,Sopot,Zachód,Sosnowa,20C,26-180
948,Sopot,Stare Miasto,Mickiewicza,9B,75-349
949,Sopot,Wschód,Miła,25B,75-735
950,Kraków,Północ,Sosnowa,47B,77-288
951,Poznań,Wschód,Sosnowa,92B,48-848
952,Wrocław,Południe,Miła,72A,84-900
953,Gdańsk,Stare Miasto,Piłsudskiego,66B,40-649
954,Poznań,Południe,Grunwaldzka,100B,12-227
955,Sopot,Północ,Sosnowa,42A,95-547
956,Sopot,Zachód,Piłsudskiego,37C,35-569
957,Wrocław,Północ,Mickiewicza,22C,21-411
958,Warszawa,Północ,Piłsudskiego,55A,16-554
959,Sopot,Południe,Piłsudskiego,79A,11-861
960,Wrocław,Północ,Sosnowa,53B,78-691
961,Gdańsk,Centrum,Klonowa,91B,16-276
962,Gdańsk,Stare Miasto,Sosnowa,71B,64-601
963,Wrocław,Północ,Grunwaldzka,57A,11-924
964,Wrocław,Południe,Miła,20A,32-294
965,Warszawa,Zachód,Grunwaldzka,66B,39-874
966,Sopot,Stare Miasto,Klonowa,12A,34-789
967,Sopot,Północ,Pogodna,73C,71-109
968,Kraków,Wschód,Piłsudskiego,84A,59-165
969,Sopot,Północ,Piłsudskiego,94B,84-311
970,Poznań,Wschód,Mickiewicza,57A,19-286
971,Wrocław,Zachód,Pogodna,15B,78-203
972,Poznań,Południe,Miła,35C,30-536
973,Warszawa,Południe,Klonowa,91A,84-389
974,Kraków,Wschód,Pogodna,38B,27-263
975,Sopot,Wschód,Piłsudskiego,37C,66-447
976,Poznań,Południe,Pogodna,24C,46-184
977,Poznań,Wschód,Miła,73A,64-945
978,Warszawa,Zachód,Piłsudskiego,54C,96-780
979,Gdynia,Północ,Mickiewicza,95A,39-620
980,Poznań,Centrum,Klonowa,87A,24-156
981,Sopot,Wschód,Klonowa,44B,62-912
982,Gdynia,Południe,Klonowa,98A,69-887
983,Poznań,Wschód,Miła,71A,74-123
984,Gdańsk,Zachód,Pogodna,18C,38-233
985,Gdańsk,Zachód,Sosnowa,9A,31-250
986,Warszawa,Północ,Pogodna,17B,18-837
987,Gdynia,Północ,Piłsudskiego,64A,74-432
988,Gdańsk,Południe,Piłsudskiego,86B,81-940
989,Gdynia,Północ,Sosnowa,52B,64-927
990,Wrocław,Południe,Miła,26A,90-244
991,Gdynia,Zachód,Mickiewicza,1A,41-971
992,Warszawa,Stare Miasto,Miła,39C,92-275
993,Wrocław,Centrum,Klonowa,5A,98-693
994,Wrocław,Południe,Klonowa,75B,90-325
995,Warszawa,Stare Miasto,Miła,100A,67-406
996,Gdynia,Zachód,Miła,51C,25-606
997,Poznań,Stare Miasto,Pogodna,42C,77-143
998,Warszawa,Zachód,Grunwaldzka,88C,58-117
999,Gdańsk,Stare Miasto,Sosnowa,97B,59-741
1000,Gdańsk,Północ,Grunwaldzka,67C,35-794
1001,Warszawa,Stare Miasto,Klonowa,95B,96-855
1002,Gdynia,Wschód,Pogodna,39B,62-193
1003,Kraków,Północ,Piłsudskiego,58A,23-248
1004,Gdańsk,Zachód,Piłsudskiego,80A,73-816
1005,Warszawa,Wschód,Grunwaldzka,22A,44-686
1006,Warszawa,Południe,Miła,78A,44-957
1007,Poznań,Centrum,Piłsudskiego,94A,40-999
1008,Sopot,Wschód,Sosnowa,73C,54-518
1009,Warszawa,Centrum,Piłsudskiego,23A,73-495
1010,Sopot,Centrum,Miła,77B,15-154
1011,Poznań,Zachód,Piłsudskiego,98C,43-724
1012,Sopot,Centrum,Sosnowa,2A,52-255
1013,Sopot,Południe,Klonowa,61B,39-798
1014,Wrocław,Północ,Pogodna,42B,53-824
1015,Warszawa,Północ,Mickiewicza,68B,47-526
1016,Poznań,Wschód,Piłsudskiego,89B,53-990
1017,Wrocław,Południe,Pogodna,48C,48-821
1018,Wrocław,Stare Miasto,Sosnowa,3B,37-471
1019,Warszawa,Północ,Sosnowa,62B,39-233
1020,Gdynia,Zachód,Piłsudskiego,20B,32-591
1021,Warszawa,Zachód,Miła,72C,95-478
1022,Warszawa,Centrum,Mickiewicza,9C,15-540
1023,Gdańsk,Centrum,Piłsudskiego,21B,88-890
1024,Gdynia,Centrum,Sosnowa,70B,10-357
1025,Sopot,Wschód,Pogodna,17C,87-603
1026,Gdynia,Centrum,Grunwaldzka,42B,80-194
1027,Kraków,Wschód,Mickiewicza,54B,99-766
1028,Wrocław,Zachód,Klonowa,6A,95-852
1029,Gdynia,Centrum,Sosnowa,41A,76-967
1030,Gdańsk,Południe,Klonowa,8C,70-682
1031,Poznań,Północ,Sosnowa,56C,15-183
1032,Kraków,Centrum,Mickiewicza,33A,85-659
1033,Wrocław,Centrum,Klonowa,48B,36-901
1034,Sopot,Wschód,Piłsudskiego,98B,90-998
1035,Warszawa,Centrum,Pogodna,31A,44-611
1036,Gdynia,Południe,Klonowa,76C,16-506
1037,Kraków,Centrum,Mickiewicza,51B,49-949
1038,Wrocław,Wschód,Pogodna,47C,83-721
1039,Poznań,Wschód,Piłsudskiego,42A,21-886
1040,Gdynia,Wschód,Mickiewicza,10A,98-701
1041,Wrocław,Zachód,Klonowa,79B,32-283
1042,Warszawa,Centrum,Pogodna,86A,78-119
1043,Gdynia,Północ,Pogodna,46A,74-917
1044,Kraków,Centrum,Miła,92B,99-447
1045,Gdańsk,Południe,Pogodna,77A,41-857
1046,Wrocław,Północ,Mickiewicza,24C,67-503
1047,Kraków,Wschód,Mickiewicza,18C,93-521
1048,Poznań,Północ,Sosnowa,41C,43-549
1049,Gdynia,Wschód,Mickiewicza,59A,32-373
1050,Wrocław,Wschód,Mickiewicza,39C,32-809
1051,Sopot,Centrum,Klonowa,37B,60-467
1052,Gdańsk,Północ,Grunwaldzka,4C,59-743
1053,Kraków,Centrum,Sosnowa,56C,42-742
1054,Wrocław,Południe,Klonowa,4C,49-472
1055,Poznań,Stare Miasto,Pogodna,89A,93-945
1056,Poznań,Południe,Grunwaldzka,53A,41-223
1057,Kraków,Południe,Pogodna,12A,26-588
1058,Wrocław,Zachód,Sosnowa,5A,21-749
1059,Kraków,Zachód,Klonowa,72A,69-369
1060,Gdańsk,Południe,Piłsudskiego,79B,97-185
1061,Warszawa,Wschód,Grunwaldzka,34B,57-417
1062,Poznań,Stare Miasto,Mickiewicza,17B,54-327
1063,Kraków,Północ,Miła,47A,59-494
1064,Warszawa,Centrum,Miła,23C,15-881
1065,Gdańsk,Północ,Grunwaldzka,62A,60-518
1066,Warszawa,Stare Miasto,Klonowa,47A,72-901
1067,Wrocław,Południe,Piłsudskiego,93B,69-145
1068,Sopot,Centrum,Piłsudskiego,2B,50-249
1069,Kraków,Północ,Miła,38B,76-559
1070,Warszawa,Stare Miasto,Grunwaldzka,36B,19-368
1071,Gdynia,Północ,Sosnowa,5B,93-101
1072,Gdańsk,Wschód,Piłsudskiego,78A,89-202
1073,Kraków,Zachód,Grunwaldzka,19B,42-261
1074,Wrocław,Wschód,Sosnowa,38B,29-120
1075,Gdynia,Północ,Miła,26A,10-992
1076,Gdańsk,Stare Miasto,Pogodna,6C,72-892
1077,Gdańsk,Stare Miasto,Pogodna,62A,12-766
1078,Poznań,Wschód,Klonowa,9C,21-315
1079,Poznań,Północ,Sosnowa,16A,32-258
1080,Warszawa,Zachód,Miła,88B,84-717
1081,Gdańsk,Wschód,Piłsudskiego,73B,21-165
1082,Kraków,Centrum,Mickiewicza,36C,11-125
1083,Gdańsk,Południe,Mickiewicza,65B,38-136
1084,Kraków,Zachód,Sosnowa,12A,91-365
1085,Wrocław,Północ,Klonowa,49A,77-745
1086,Wrocław,Stare Miasto,Grunwaldzka,47B,99-746
1087,Warszawa,Północ,Mickiewicza,52A,91-716
1088,Warszawa,Wschód,Klonowa,63B,75-528
1089,Sopot,Stare Miasto,Piłsudskiego,35C,64-947
1090,Kraków,Południe,Grunwaldzka,17B,13-483
1091,Warszawa,Północ,Mickiewicza,39B,41-180
1092,Warszawa,Zachód,Miła,82B,77-728
1093,Wrocław,Centrum,Grunwaldzka,92A,67-541
1094,Gdańsk,Centrum,Miła,1B,85-925
1095,Poznań,Południe,Grunwaldzka,4A,35-331
1096,Sopot,Stare Miasto,Mickiewicza,1A,18-834
1097,Warszawa,Stare Miasto,Klonowa,13B,71-782
1098,Poznań,Centrum,Piłsudskiego,14A,44-653
1099,Gdańsk,Zachód,Klonowa,56B,76-889
1100,Wrocław,Wschód,Pogodna,55A,92-976
1101,Kraków,Wschód,Miła,92C,55-504
1102,Gdańsk,Centrum,Pogodna,8B,81-307
1103,Warszawa,Centrum,Klonowa,4B,33-666
1104,Wrocław,Stare Miasto,Miła,46A,11-574
1105,Wrocław,Centrum,Pogodna,20B,85-822
1106,Kraków,Stare Miasto,Miła,77B,46-114
1107,Gdynia,Wschód,Pogodna,2C,57-930
1108,Wrocław,Południe,Pogodna,2B,35-689
1109,Sopot,Wschód,Grunwaldzka,38B,13-188
1110,Gdynia,Południe,Miła,4C,57-356
1111,Poznań,Południe,Pogodna,23A,86-138
1112,Poznań,Zachód,Grunwaldzka,42A,90-585
1113,Kraków,Stare Miasto,Piłsudskiego,14B,99-673
1114,Sopot,Północ,Miła,8B,88-127
1115,Poznań,Północ,Mickiewicza,37C,68-676
1116,Sopot,Zachód,Miła,2A,75-370
1117,Kraków,Centrum,Pogodna,39B,84-572
1118,Kraków,Centrum,Sosnowa,100B,88-444
1119,Warszawa,Południe,Miła,43B,27-672
1120,Warszawa,Południe,Grunwaldzka,27C,85-802
1121,Gdynia,Północ,Mickiewicza,11C,14-307
1122,Sopot,Zachód,Pogodna,13B,67-196
1123,Gdynia,Stare Miasto,Sosnowa,90A,79-991
1124,Gdańsk,Wschód,Klonowa,93A,80-664
1125,Poznań,Południe,Piłsudskiego,75C,74-443
1126,Sopot,Stare Miasto,Grunwaldzka,91B,63-849
1127,Kraków,Północ,Piłsudskiego,1B,60-957
1128,Wrocław,Stare Miasto,Sosnowa,35A,72-775
1129,Wrocław,Wschód,Sosnowa,48A,75-270
1130,Sopot,Południe,Sosnowa,85C,42-479
1131,Gdańsk,Zachód,Piłsudskiego,26A,19-455
1132,Gdynia,Zachód,Miła,65A,69-116
1133,Gdynia,Południe,Miła,54B,62-913
1134,Gdynia,Zachód,Klonowa,12C,11-458
1135,Sopot,Południe,Sosnowa,82B,90-716
1136,Warszawa,Południe,Grunwaldzka,28B,36-208
1137,Kraków,Południe,Pogodna,56A,15-361
1138,Gdańsk,Centrum,Sosnowa,21A,10-109
1139,Warszawa,Zachód,Sosnowa,65C,59-677
1140,Poznań,Południe,Pogodna,38B,24-450
1141,Wrocław,Zachód,Grunwaldzka,33B,53-526
1142,Gdynia,Centrum,Grunwaldzka,96A,54-103
1143,Warszawa,Północ,Sosnowa,39A,27-901
1144,Gdańsk,Wschód,Mickiewicza,1C,96-505
1145,Warszawa,Centrum,Sosnowa,62B,24-826
1146,Gdynia,Południe,Mickiewicza,8B,41-785
1147,Poznań,Centrum,Mickiewicza,91A,48-402
1148,Kraków,Południe,Sosnowa,35B,31-817
1149,Poznań,Stare Miasto,Miła,92B,53-138
1150,Wrocław,Stare Miasto,Piłsudskiego,42C,40-748
1151,Wrocław,Północ,Grunwaldzka,19B,17-738
1152,Sopot,Zachód,Grunwaldzka,57C,43-936
1153,Kraków,Północ,Klonowa,77C,65-739
1154,Poznań,Centrum,Pogodna,61C,34-581
1155,Gdynia,Stare Miasto,Sosnowa,81B,56-358
1156,Warszawa,Stare Miasto,Klonowa,1C,54-469
1157,Gdańsk,Zachód,Sosnowa,3B,57-120
1158,Warszawa,Wschód,Klonowa,27A,56-318
1159,Wrocław,Północ,Grunwaldzka,31A,45-127
1160,Gdynia,Południe,Piłsudskiego,79C,68-616
1161,Gdynia,Stare Miasto,Mickiewicza,26C,56-844
1162,Gdynia,Stare Miasto,Miła,38B,18-709
1163,Sopot,Zachód,Miła,35C,44-466
1164,Gdańsk,Południe,Sosnowa,77B,96-684
1165,Wrocław,Zachód,Klonowa,17B,32-772
1166,Gdynia,Zachód,Pogodna,35C,43-960
1167,Kraków,Wschód,Piłsudskiego,5A,36-780
1168,Sopot,Północ,Piłsudskiego,32B,38-987
1169,Gdańsk,Południe,Pogodna,86A,45-383
1170,Kraków,Południe,Grunwaldzka,37B,82-690
1171,Kraków,Zachód,Miła,1C,62-996
1172,Kraków,Północ,Sosnowa,68B,21-976
1173,Poznań,Centrum,Mickiewicza,83C,46-312
1174,Gdynia,Stare Miasto,Pogodna,47A,76-400
1175,Gdynia,Zachód,Klonowa,70B,19-473
1176,Kraków,Stare Miasto,Grunwaldzka,43A,85-455
1177,Warszawa,Centrum,Klonowa,48B,91-159
1178,Sopot,Centrum,Sosnowa,3B,24-252
1179,Kraków,Centrum,Sosnowa,34A,34-876
1180,Gdynia,Centrum,Piłsudskiego,56B,38-508
1181,Kraków,Północ,Klonowa,6B,45-119
1182,Poznań,Centrum,Piłsudskiego,77A,32-239
1183,Gdańsk,Zachód,Piłsudskiego,4B,11-820
1184,Warszawa,Zachód,Mickiewicza,32C,14-306
1185,Poznań,Wschód,Miła,74B,61-197
1186,Warszawa,Północ,Pogodna,85C,87-856
1187,Warszawa,Wschód,Pogodna,4C,17-894
1188,Poznań,Północ,Grunwaldzka,24B,28-593
1189,Poznań,Południe,Piłsudskiego,2C,91-269
1190,Kraków,Zachód,Mickiewicza,52B,11-985
1191,Wrocław,Południe,Miła,24B,91-417
1192,Kraków,Południe,Grunwaldzka,45A,81-501
1193,Poznań,Zachód,Miła,59A,82-268
1194,Wrocław,Centrum,Pogodna,71A,94-518
1195,Sopot,Wschód,Klonowa,81C,71-536
1196,Gdynia,Stare Miasto,Miła,25B,12-453
1197,Gdańsk,Zachód,Mickiewicza,14B,22-874
1198,Poznań,Wschód,Grunwaldzka,38B,56-915
1199,Warszawa,Stare Miasto,Klonowa,97B,98-739
1200,Gdynia,Centrum,Mickiewicza,23C,22-822
1201,Warszawa,Północ,Grunwaldzka,88A,56-541
1202,Gdynia,Zachód,Grunwaldzka,51B,10-769
1203,Wrocław,Północ,Klonowa,43B,30-504
1204,Gdynia,Wschód,Klonowa,12C,39-782
1205,Kraków,Południe,Miła,42C,44-521
1206,Sopot,Południe,Pogodna,89B,97-420
1207,Sopot,Zachód,Miła,7B,64-767
1208,Gdańsk,Wschód,Miła,17A,20-889
1209,Kraków,Stare Miasto,Sosnowa,4C,26-297
1210,Sopot,Centrum,Grunwaldzka,90C,87-266
1211,Sopot,Stare Miasto,Mickiewicza,27C,92-341
1212,Sopot,Południe,Pogodna,25C,98-747
1213,Wrocław,Północ,Mickiewicza,48A,39-160
1214,Kraków,Centrum,Sosnowa,38C,58-900
1215,Kraków,Południe,Pogodna,84B,28-846
1216,Sopot,Stare Miasto,Klonowa,27A,36-676
1217,Kraków,Stare Miasto,Mickiewicza,63C,29-844
1218,Poznań,Stare Miasto,Grunwaldzka,26B,10-903
1219,Kraków,Północ,Miła,92A,66-472
1220,Gdańsk,Wschód,Sosnowa,91B,45-586
1221,Poznań,Stare Miasto,Pogodna,18C,71-448
1222,Poznań,Centrum,Grunwaldzka,2A,80-718
1223,Poznań,Zachód,Piłsudskiego,54C,34-556
1224,Sopot,Południe,Miła,87B,45-730
1225,Gdańsk,Stare Miasto,Piłsudskiego,99B,57-722
1226,Gdynia,Stare Miasto,Klonowa,12C,35-886
1227,Gdynia,Zachód,Miła,55C,93-630
1228,Gdańsk,Południe,Mickiewicza,3B,59-866
1229,Gdynia,Stare Miasto,Grunwaldzka,43A,16-163
1230,Poznań,Stare Miasto,Piłsudskiego,44A,50-644
1231,Poznań,Wschód,Pogodna,5C,61-487
1232,Kraków,Zachód,Piłsudskiego,4A,33-777
1233,Poznań,Południe,Klonowa,80C,60-927
1234,Sopot,Centrum,Piłsudskiego,6A,10-655
1235,Wrocław,Wschód,Mickiewicza,74C,42-549
1236,Poznań,Północ,Sosnowa,49C,25-959
1237,Gdynia,Zachód,Grunwaldzka,46C,84-732
1238,Gdańsk,Południe,Sosnowa,52B,66-412
1239,Gdynia,Zachód,Pogodna,72C,26-776
1240,Wrocław,Północ,Miła,20B,27-272
1241,Sopot,Wschód,Miła,77C,73-774
1242,Gdańsk,Południe,Grunwaldzka,3C,73-396
1243,Gdańsk,Południe,Grunwaldzka,45C,65-640
1244,Gdynia,Centrum,Piłsudskiego,91A,48-554
1245,Gdańsk,Południe,Klonowa,88B,24-230
1246,Sopot,Wschód,Pogodna,93B,86-708
1247,Kraków,Wschód,Mickiewicza,19C,35-226
1248,Wrocław,Stare Miasto,Pogodna,5C,63-915
1249,Gdynia,Centrum,Pogodna,50C,32-608
1250,Gdynia,Stare Miasto,Piłsudskiego,20A,31-154
1251,Gdynia,Stare Miasto,Klonowa,99A,10-151
1252,Kraków,Południe,Grunwaldzka,56C,38-445
1253,Sopot,Centrum,Klonowa,26C,55-190
1254,Warszawa,Wschód,Miła,71A,90-465
1255,Gdynia,Centrum,Sosnowa,28A,82-229
1256,Sopot,Stare Miasto,Sosnowa,92C,61-872
1257,Sopot,Południe,Sosnowa,36C,66-334
1258,Kraków,Północ,Pogodna,43A,82-394
1259,Kraków,Stare Miasto,Piłsudskiego,45C,90-531
1260,Wrocław,Południe,Mickiewicza,1B,83-105
1261,Wrocław,Północ,Klonowa,72C,71-649
1262,Sopot,Południe,Klonowa,50C,50-516
1263,Warszawa,Zachód,Grunwaldzka,84C,11-507
1264,Wrocław,Centrum,Sosnowa,86A,36-446
1265,Gdańsk,Południe,Sosnowa,32A,37-993
1266,Warszawa,Stare Miasto,Sosnowa,52A,37-241
1267,Sopot,Centrum,Mickiewicza,98B,31-204
1268,Kraków,Zachód,Grunwaldzka,9B,27-460
1269,Kraków,Południe,Grunwaldzka,33B,82-580
1270,Warszawa,Północ,Piłsudskiego,71B,21-253
1271,Poznań,Północ,Piłsudskiego,80A,96-233
1272,Warszawa,Wschód,Pogodna,11A,70-968
1273,Poznań,Zachód,Sosnowa,75B,99-434
1274,Kraków,Zachód,Grunwaldzka,33A,19-584
1275,Poznań,Wschód,Piłsudskiego,64A,25-796
1276,Wrocław,Centrum,Piłsudskiego,22A,13-916
1277,Kraków,Stare Miasto,Klonowa,27B,92-802
1278,Kraków,Centrum,Klonowa,77B,55-192
1279,Gdynia,Centrum,Miła,26B,34-289
1280,Poznań,Południe,Klonowa,84B,72-654
1281,Wrocław,Zachód,Grunwaldzka,9B,36-689
1282,Gdańsk,Wschód,Klonowa,95A,56-847
1283,Wrocław,Wschód,Pogodna,100A,13-924
1284,Kraków,Południe,Mickiewicza,97B,39-132
1285,Gdańsk,Południe,Miła,25C,12-884
1286,Warszawa,Zachód,Mickiewicza,93B,58-383
1287,Kraków,Centrum,Mickiewicza,1A,48-540
1288,Kraków,Wschód,Klonowa,17C,57-308
1289,Gdynia,Zachód,Pogodna,76B,33-815
1290,Wrocław,Centrum,Sosnowa,18B,71-633
1291,Sopot,Zachód,Sosnowa,31C,23-293
1292,Warszawa,Zachód,Grunwaldzka,64B,72-427
1293,Kraków,Południe,Mickiewicza,41B,53-429
1294,Gdynia,Stare Miasto,Pogodna,32C,98-609
1295,Kraków,Centrum,Mickiewicza,12C,12-442
1296,Warszawa,Wschód,Pogodna,37C,37-296
1297,Gdańsk,Południe,Miła,44B,81-383
1298,Warszawa,Stare Miasto,Piłsudskiego,68A,12-832
1299,Wrocław,Południe,Grunwaldzka,12C,35-350
1300,Wrocław,Stare Miasto,Sosnowa,84C,87-787
1301,Warszawa,Centrum,Klonowa,15B,86-691
1302,Poznań,Północ,Klonowa,7B,76-976
1303,Gdańsk,Północ,Pogodna,90C,79-697
1304,Poznań,Zachód,Sosnowa,83C,67-645
1305,Wrocław,Południe,Mickiewicza,1A,26-925
1306,Gdynia,Centrum,Piłsudskiego,14B,30-706
1307,Poznań,Centrum,Miła,8A,19-671
1308,Wrocław,Zachód,Miła,68B,42-372
1309,Gdynia,Wschód,Mickiewicza,25B,13-195
1310,Gdynia,Południe,Pogodna,53B,41-165
1311,Poznań,Północ,Pogodna,100B,34-719
1312,Gdynia,Północ,Piłsudskiego,93C,52-522
1313,Sopot,Wschód,Klonowa,55C,20-807
1314,Gdańsk,Stare Miasto,Miła,37A,73-940
1315,Wrocław,Wschód,Mickiewicza,46B,24-975
1316,Kraków,Wschód,Mickiewicza,56B,33-867
1317,Sopot,Północ,Mickiewicza,10A,39-607
1318,Sopot,Południe,Sosnowa,51A,38-851
1319,Gdynia,Zachód,Piłsudskiego,46C,65-993
1320,Gdańsk,Zachód,Grunwaldzka,35B,18-771
1321,Gdańsk,Południe,Mickiewicza,25B,36-736
1322,Kraków,Południe,Piłsudskiego,57B,36-122
1323,Gdańsk,Zachód,Klonowa,56C,13-522
1324,Kraków,Północ,Piłsudskiego,15A,86-403
1325,Poznań,Południe,Grunwaldzka,69A,64-548
1326,Warszawa,Zachód,Piłsudskiego,59B,85-146
1327,Warszawa,Północ,Miła,89A,31-424
1328,Gdańsk,Stare Miasto,Klonowa,27A,59-303
1329,Gdańsk,Wschód,Grunwaldzka,84B,55-689
1330,Gdynia,Północ,Grunwaldzka,32A,39-239
1331,Poznań,Północ,Piłsudskiego,34A,40-242
1332,Gdańsk,Stare Miasto,Grunwaldzka,74A,87-662
1333,Sopot,Centrum,Miła,27C,62-830
1334,Wrocław,Stare Miasto,Klonowa,2C,66-953
1335,Wrocław,Południe,Klonowa,75C,29-489
1336,Gdynia,Stare Miasto,Grunwaldzka,86B,26-862
1337,Sopot,Południe,Grunwaldzka,4B,36-120
1338,Sopot,Zachód,Pogodna,16A,72-477
1339,Sopot,Wschód,Grunwaldzka,34C,25-910
1340,Poznań,Stare Miasto,Grunwaldzka,49C,76-157
1341,Gdynia,Centrum,Mickiewicza,88A,17-154
1342,Kraków,Zachód,Sosnowa,50C,42-421
1343,Gdynia,Centrum,Miła,31B,98-489
1344,Gdańsk,Południe,Grunwaldzka,34A,39-496
1345,Wrocław,Stare Miasto,Miła,49A,35-824
1346,Warszawa,Centrum,Pogodna,19C,94-227
1347,Gdańsk,Południe,Grunwaldzka,82A,90-981
1348,Kraków,Zachód,Miła,18A,17-848
1349,Sopot,Zachód,Klonowa,91B,28-139
1350,Wrocław,Centrum,Pogodna,3A,69-465
1351,Sopot,Wschód,Pogodna,22B,54-201
1352,Gdańsk,Wschód,Piłsudskiego,23B,42-868
1353,Gdynia,Stare Miasto,Mickiewicza,5B,14-237
1354,Sopot,Wschód,Sosnowa,26C,40-345
1355,Sopot,Stare Miasto,Miła,30A,35-628
1356,Gdańsk,Południe,Klonowa,88B,81-596
1357,Wrocław,Wschód,Klonowa,39B,83-318
1358,Wrocław,Zachód,Sosnowa,22C,67-342
1359,Gdańsk,Centrum,Sosnowa,73B,26-867
1360,Sopot,Stare Miasto,Klonowa,70B,91-282
1361,Gdańsk,Południe,Miła,89A,19-167
1362,Warszawa,Północ,Miła,24B,28-757
1363,Kraków,Południe,Piłsudskiego,77A,39-891
1364,Sopot,Stare Miasto,Miła,8A,41-942
1365,Gdynia,Północ,Klonowa,73A,95-725
1366,Poznań,Wschód,Miła,16C,80-237
1367,Kraków,Zachód,Mickiewicza,65A,42-446
1368,Gdynia,Stare Miasto,Grunwaldzka,30A,23-482
1369,Kraków,Wschód,Sosnowa,36C,50-507
1370,Gdynia,Północ,Piłsudskiego,60A,33-468
1371,Poznań,Północ,Piłsudskiego,24C,13-597
1372,Wrocław,Południe,Miła,81B,63-361
1373,Sopot,Wschód,Mickiewicza,29A,14-993
1374,Gdańsk,Centrum,Pogodna,49A,96-585
1375,Kraków,Południe,Klonowa,79C,88-751
1376,Gdańsk,Północ,Klonowa,98C,19-541
1377,Kraków,Wschód,Grunwaldzka,27A,51-835
1378,Poznań,Wschód,Grunwaldzka,39C,78-588
1379,Wrocław,Zachód,Sosnowa,82B,78-112
1380,Gdańsk,Centrum,Sosnowa,72C,51-585
1381,Wrocław,Stare Miasto,Miła,76A,32-228
1382,Gdańsk,Zachód,Mickiewicza,13C,68-806
1383,Poznań,Stare Miasto,Grunwaldzka,94C,89-408
1384,Warszawa,Północ,Grunwaldzka,43C,70-398
1385,Gdynia,Centrum,Miła,30C,61-806
1386,Poznań,Stare Miasto,Grunwaldzka,10C,96-139
1387,Warszawa,Północ,Klonowa,69A,69-377
1388,Warszawa,Południe,Grunwaldzka,73C,40-527
1389,Poznań,Centrum,Pogodna,2B,46-111
1390,Gdańsk,Stare Miasto,Miła,55B,31-448
1391,Wrocław,Wschód,Mickiewicza,86B,86-132
1392,Poznań,Północ,Miła,19A,71-724
1393,Sopot,Stare Miasto,Klonowa,18A,69-871
1394,Poznań,Zachód,Mickiewicza,48A,42-471
1395,Wrocław,Centrum,Miła,68A,12-564
1396,Kraków,Centrum,Grunwaldzka,93A,43-902
1397,Sopot,Stare Miasto,Piłsudskiego,35C,91-839
1398,Gdańsk,Wschód,Pogodna,29C,84-857
1399,Poznań,Centrum,Klonowa,38C,33-748
1400,Poznań,Zachód,Pogodna,78A,55-710
1401,Sopot,Północ,Miła,35C,91-564
1402,Gdynia,Stare Miasto,Mickiewicza,9A,69-945
1403,Gdańsk,Wschód,Pogodna,37A,57-974
1404,Gdynia,Zachód,Klonowa,98A,82-980
1405,Warszawa,Zachód,Pogodna,16C,47-805
1406,Poznań,Południe,Pogodna,55A,43-480
1407,Gdańsk,Centrum,Klonowa,37C,79-557
1408,Gdynia,Południe,Sosnowa,91C,24-285
1409,Warszawa,Zachód,Piłsudskiego,48C,76-292
1410,Wrocław,Południe,Klonowa,67A,48-334
1411,Gdańsk,Północ,Sosnowa,1A,43-266
1412,Kraków,Południe,Grunwaldzka,84A,60-233
1413,Poznań,Zachód,Miła,93C,99-902
1414,Warszawa,Stare Miasto,Klonowa,60A,86-632
1415,Warszawa,Stare Miasto,Pogodna,99B,99-888
1416,Poznań,Południe,Miła,77B,99-539
1417,Poznań,Południe,Klonowa,24A,74-966
1418,Gdańsk,Północ,Klonowa,89B,14-436
1419,Poznań,Stare Miasto,Piłsudskiego,78A,40-665
1420,Gdynia,Zachód,Sosnowa,56A,34-699
1421,Poznań,Wschód,Klonowa,93B,67-268
1422,Wrocław,Południe,Piłsudskiego,80A,38-376
1423,Warszawa,Północ,Sosnowa,19C,32-752
1424,Gdańsk,Północ,Miła,85A,73-888
1425,Kraków,Zachód,Pogodna,92C,92-931
1426,Kraków,Północ,Miła,33A,40-378
1427,Sopot,Centrum,Mickiewicza,43A,20-756
1428,Poznań,Stare Miasto,Pogodna,44B,78-687
1429,Gdynia,Południe,Mickiewicza,72B,77-677
1430,Warszawa,Wschód,Mickiewicza,95C,45-284
1431,Poznań,Zachód,Miła,1A,56-461
1432,Gdańsk,Centrum,Miła,34C,73-334
1433,Gdynia,Zachód,Grunwaldzka,72C,39-286
1434,Gdańsk,Centrum,Grunwaldzka,92C,99-424
1435,Wrocław,Stare Miasto,Sosnowa,16C,90-863
1436,Warszawa,Południe,Mickiewicza,90C,15-481
1437,Gdańsk,Północ,Sosnowa,64A,71-339
1438,Kraków,Wschód,Mickiewicza,11A,78-234
1439,Warszawa,Wschód,Pogodna,3A,53-866
1440,Gdynia,Południe,Piłsudskiego,26B,80-920
1441,Gdańsk,Wschód,Sosnowa,10A,43-597
1442,Gdańsk,Centrum,Klonowa,11A,23-272
1443,Warszawa,Centrum,Mickiewicza,57B,76-327
1444,Sopot,Stare Miasto,Grunwaldzka,55B,89-329
1445,Warszawa,Stare Miasto,Miła,47B,47-673
1446,Sopot,Zachód,Miła,41A,53-782
1447,Gdańsk,Zachód,Miła,64C,31-428
1448,Gdańsk,Północ,Miła,100A,88-321
1449,Poznań,Południe,Grunwaldzka,30B,37-292
1450,Warszawa,Wschód,Mickiewicza,78A,51-152
1451,Sopot,Północ,Miła,95C,47-540
1452,Gdynia,Północ,Miła,43A,70-516
1453,Gdańsk,Północ,Miła,27B,71-197
1454,Warszawa,Stare Miasto,Piłsudskiego,94B,43-469
1455,Sopot,Zachód,Sosnowa,38B,81-307
1456,Poznań,Stare Miasto,Mickiewicza,29C,56-823
1457,Gdynia,Centrum,Piłsudskiego,57A,44-761
1458,Sopot,Centrum,Grunwaldzka,19B,46-337
1459,Gdynia,Wschód,Sosnowa,72B,84-823
1460,Wrocław,Centrum,Piłsudskiego,74A,98-833
1461,Sopot,Północ,Miła,42A,59-555
1462,Sopot,Wschód,Piłsudskiego,92A,83-921
1463,Warszawa,Zachód,Sosnowa,36A,32-394
1464,Poznań,Północ,Mickiewicza,61C,88-681
1465,Poznań,Stare Miasto,Grunwaldzka,100C,10-436
1466,Wrocław,Wschód,Grunwaldzka,63C,86-251
1467,Poznań,Stare Miasto,Pogodna,78B,30-298
1468,Gdańsk,Stare Miasto,Piłsudskiego,34A,38-421
1469,Sopot,Stare Miasto,Grunwaldzka,87C,20-169
1470,Wrocław,Północ,Mickiewicza,83C,61-188
1471,Gdynia,Północ,Sosnowa,52C,63-996
1472,Warszawa,Centrum,Sosnowa,75B,93-551
1473,Kraków,Wschód,Sosnowa,31B,16-978
1474,Gdynia,Centrum,Mickiewicza,92B,82-660
1475,Gdynia,Zachód,Mickiewicza,14A,41-370
1476,Warszawa,Zachód,Mickiewicza,86A,13-564
1477,Poznań,Południe,Miła,38C,75-491
1478,Poznań,Południe,Piłsudskiego,58A,22-737
1479,Gdańsk,Wschód,Klonowa,50B,50-886
1480,Kraków,Wschód,Miła,89C,58-911
1481,Sopot,Wschód,Mickiewicza,81C,43-935
1482,Poznań,Południe,Grunwaldzka,12B,94-681
1483,Gdańsk,Centrum,Sosnowa,16C,46-575
1484,Warszawa,Północ,Pogodna,99B,79-474
1485,Poznań,Południe,Klonowa,54B,77-553
1486,Wrocław,Stare Miasto,Sosnowa,4A,54-818
1487,Warszawa,Południe,Miła,1A,64-892
1488,Warszawa,Centrum,Sosnowa,33B,64-994
1489,Wrocław,Zachód,Grunwaldzka,27C,99-777
1490,Warszawa,Stare Miasto,Pogodna,87A,80-320
1491,Poznań,Północ,Miła,61A,71-810
1492,Sopot,Południe,Klonowa,68C,90-390
1493,Gdynia,Południe,Sosnowa,25C,11-650
1494,Sopot,Północ,Miła,72B,65-627
1495,Gdańsk,Południe,Mickiewicza,1A,53-266
1496,Sopot,Wschód,Mickiewicza,62B,74-311
1497,Sopot,Północ,Klonowa,75C,35-932
1498,Poznań,Stare Miasto,Mickiewicza,83A,64-846
1499,Gdynia,Stare Miasto,Mickiewicza,35C,83-685
1500,Gdynia,Centrum,Sosnowa,94A,69-345
