Rejestracja,VIN,Marka,Model,Generacja,Rok_produkcji,Data_ostatniego_przeglÄ…du
YP 8ONR,1HGK9HUPU5HOQQ5HT5,BMW,M4,2,2010,26/03/2001
VQ 5PA6,1HG266VB79DJBQ9V41,BMW,M4,1,2012,11/04/2001
GXU KMOX0,1HGGIQSEEV1I4CGUJ8,Skoda,Octavia,3,2010,20/04/2001
PY YPBA,1HGKH5Z62NJMT7Q2L0,Audi,A3,3,2010,22/03/2001
UK H1ZU,1HG4U02VJ3IACSXYF0,BMW,M3,2,2011,11/02/2001
BLR LIKWO,1HGZXON7ON2W1ZIVQ8,BMW,X5,1,2012,15/04/2001
VMI NBCGA,1HGA0AV6B9SLKBWLX0,Skoda,Suberb,1,2012,16/05/2001
MMM ZZ89,1HGSJKMQO40OPU2Y34,Skoda,Fabia,2,2011,12/05/2001
YBS VMX4,1HGNB9IZ6HFT88OZ76,Audi,A4,2,2012,19/02/2001
MR AJHBY,1HG3SFGWF4HEUSX2O9,Audi,A5,2,2011,11/02/2001
GQ 7BWTQ,1HGSK2FRZJTEPZVOL5,Skoda,Suberb,3,2011,24/04/2001
GIA OXHEX,1HG2H1F0C4AXKJF4R9,Skoda,Fabia,3,2011,21/03/2001
DJ P1FT,1HG1D7CF101EJMW8J2,BMW,M4,3,2010,03/05/2001
AUR ZJA3,1HG3HO13HYXGD9K4Q3,BMW,M4,2,2010,27/04/2001
HU H5WYD,1HGAOD47X2JGDPYA09,BMW,X6,2,2012,14/03/2001
XEY X9JC,1HGQ507EP66Z1YZYE6,BMW,X5,3,2010,17/04/2001
KFR S2HVD,1HG1JPPAXHWLXYN243,Skoda,Octavia,1,2010,27/04/2001
LI 2QTRS,1HGGCJCA3L10VCBQ41,BMW,M4,1,2011,31/05/2001
RAL Z5MPM,1HGPX37XA53FJ8R1E1,Skoda,Octavia,3,2011,04/04/2001
CO JBB5,1HG9ESZSQA2ROM8GP0,BMW,X6,1,2012,05/06/2001
TSX DQ0N,1HGLXFBD44N1LP15X8,Skoda,Octavia,3,2010,03/01/2001
URP UZAK1,1HGN9RQ85TKEFRPR47,Audi,A3,1,2010,09/01/2001
CKD XHZJV,1HGW0TVIOZHLL2OAQ2,Audi,A5,2,2010,06/04/2001
ES KEJ4,1HGU44W2MGWFM7N2I6,BMW,X6,3,2011,26/01/2001
LY CEHEU,1HGCU7I7UA40WIJAJ1,Skoda,Octavia,3,2012,04/03/2001
QF 47KM,1HG4ZKS9FTH2F9S1M0,BMW,X6,1,2012,21/04/2001
KM YTSN,1HG45ADL96FBDZBAT5,Skoda,Octavia,1,2011,12/02/2001
QN TUKO,1HGJQH2NX6KXUN8JC9,Skoda,Octavia,1,2012,29/01/2001
UT J1M3,1HGKIY6KTHCFXDOWI6,Skoda,Suberb,3,2012,22/04/2001
KIB F9JK,1HG89U5YLJFLOYDYI4,Audi,A3,2,2012,29/01/2001
KJH L2329,1HGYAOJN5C7NSPJ4M0,BMW,M4,2,2012,27/02/2001
HHW FK4P,1HGTXRN8VA0BAGNGE4,BMW,X6,2,2011,04/06/2001
OKL 0MLN,1HGNKNSRYJFL2V6216,Audi,A3,2,2011,05/04/2001
PP RBJR,1HGUBKMDDPR7GRX4L0,BMW,M3,3,2011,18/02/2001
QCW 3IEW,1HGJULKUTHKLL7QC05,Audi,A5,1,2010,06/04/2001
YUO 0U19,1HG74IO3EKPVO68EH6,Skoda,Fabia,3,2010,31/05/2001
CW TRXR,1HGF1YHALQLK61OL08,Skoda,Octavia,1,2012,02/05/2001
JE DU38,1HGGNTU4HHUA6GGAH9,BMW,X5,2,2010,03/03/2001
KJH TT6OG,1HGMPYJ2J2V4YKS840,BMW,X6,2,2011,17/01/2001
BOW V62R,1HGT24O8HAJ78JABA8,Audi,A4,1,2010,06/01/2001
GKC 8U23D,1HGI27YKSSAMB6COO3,BMW,M4,3,2010,13/05/2001
SBA O0HJ1,1HGVLZN4C0H728B8I0,Audi,A4,3,2011,23/02/2001
GO 968V,1HGOEDG4T2MPZ1Q190,Audi,A4,3,2012,27/02/2001
JI 4CQMC,1HG2GY6O32KS34W5E3,BMW,M4,2,2010,07/05/2001
BT ZOIO,1HGH3Q0BDJG7C7R420,Audi,A3,2,2010,05/02/2001
ECU HHNUY,1HGHCS3Y3MITL6PSM4,Skoda,Fabia,3,2012,05/02/2001
HSB E3BQ,1HGM48Q6B09QVB4679,Audi,A5,3,2010,21/03/2001
WEO OQU8,1HG9DCYORPG59QFGJ0,Skoda,Octavia,3,2011,12/02/2001
CO GUX0,1HGT9WQM36BI6UCQZ2,Skoda,Suberb,2,2010,10/01/2001
AUO QMNC,1HGI68AZO5FSE3ZO83,Audi,A4,3,2011,23/03/2001
DDE S5AF,1HGT8USDCLMDUN7EK1,Audi,A3,2,2011,16/01/2001
TJ FI6PA,1HGY6DW39H7606ARQ8,Audi,A3,3,2012,18/01/2001
BN 16P5K,1HG9U7EBNMP1HNNIY0,Audi,A3,1,2011,03/06/2001
WDD XPZWP,1HGB8NF8DAFXAOQK41,BMW,M3,2,2010,26/01/2001
DZZ S2U6G,1HG78PB2II7WLDRPP0,Audi,A4,3,2012,26/04/2001
XRD WOAG9,1HG8LP9U3KFNVPEOI7,Audi,A4,3,2012,26/04/2001
RB UUFIU,1HGZ2HA63OEOPQMC26,Skoda,Fabia,3,2010,05/02/2001
FDC P9XGU,1HGXJ3I1ONUBUKH7N8,BMW,X6,3,2012,02/05/2001
QH WZCB,1HGCLJGOJF8UFIMTK6,Skoda,Fabia,2,2012,12/02/2001
JUG 44N1,1HG9UTK0XKL875FUA7,Skoda,Octavia,1,2011,30/05/2001
UM WEVM7,1HGZWWJXI91AIARQQ8,Audi,A3,3,2011,02/06/2001
QJC L3J2,1HGTJKWQ2YA3VHRDN2,BMW,M4,1,2010,12/03/2001
NA U53V,1HG2LNWLKRBF7QZMM7,Audi,A5,3,2012,09/05/2001
RH 8K9P,1HG4OYRB9AQAYTUHZ6,BMW,X5,1,2010,21/05/2001
YRA UFQIG,1HGI8BIZLYHRRQHO89,BMW,M3,1,2011,28/02/2001
KH HHTJ,1HG8IGS4LLII2JYDV5,Audi,A3,3,2012,14/02/2001
IFM N4VTC,1HGUUC1GGYDSTXIC87,BMW,X6,2,2012,20/03/2001
GR 9WL4B,1HGKFQZ74T8REQF8F4,BMW,M4,1,2011,16/04/2001
BCM U7EV,1HG1J0NX98DQKHHP96,Audi,A5,2,2012,18/05/2001
RRB FET58,1HGJMBERVC3ARG70V1,Skoda,Fabia,1,2011,22/03/2001
PJ ZAA6A,1HG3EP0Z8WQ9CZDP71,Skoda,Octavia,2,2012,01/02/2001
FY 394P0,1HGX28FMLPH9BC95M4,Skoda,Fabia,1,2012,11/01/2001
DXF 1RBP,1HG75YBGV2M0EMG1O5,Audi,A4,2,2012,03/05/2001
ND WQ51,1HGJMMX9EVC2UP52X2,Skoda,Suberb,1,2010,11/02/2001
NF EPW0Z,1HG1M7ZUX3R2MVU5Q3,Audi,A5,3,2012,20/04/2001
AR 4DA7,1HG6F9A9UQVXOJHSR9,BMW,M4,2,2011,03/03/2001
CJ DN519,1HGZNDMKXHT3LRD5K8,Audi,A3,2,2010,24/01/2001
PCB MO3C,1HG186XIP2UKF63ZE1,Skoda,Octavia,1,2012,18/01/2001
KX R5EA,1HG3UZG8K521IDZ7N3,Skoda,Suberb,2,2010,26/03/2001
AO YQTT,1HGWHL74QFHU8W81H4,Skoda,Suberb,2,2010,02/05/2001
NFV WTUB,1HGL0H1ERF8DNB6531,Skoda,Suberb,2,2010,19/01/2001
MSI X7NCC,1HGXNPTVLA893C1AG7,BMW,X6,1,2010,02/04/2001
RAT 3VFPP,1HGYAOXLZU0026VRD4,Skoda,Octavia,2,2012,22/01/2001
ERJ 7JM9,1HGK69GMBJOCBKSCO6,Audi,A5,1,2011,19/01/2001
JM 1THX,1HGHN4FRSGNDJQVJL7,Audi,A4,3,2010,17/02/2001
KR X5PR,1HGSY42LTPPC2PC2E2,Audi,A5,3,2011,20/02/2001
ZZ IOEKC,1HGZ3TZN05D4X4ATB6,Skoda,Fabia,1,2011,05/03/2001
XOY QOGW,1HGC6PIWQWHMFYKQT0,BMW,X5,2,2012,21/05/2001
ZWY YF8L,1HG3175D2KIZ0B35S2,BMW,X5,3,2012,17/01/2001
VF 5AOX,1HGTG1UNLS31QJUZQ8,Audi,A3,1,2012,05/04/2001
MC 08687,1HG7HUADT3PYQBFY67,BMW,X6,3,2011,17/02/2001
RV RX6NF,1HGR0PKKXEPQ5LC6X6,Audi,A3,3,2011,05/03/2001
CFJ J2NK8,1HG1R8UHULZ3RZYOC8,Audi,A5,2,2011,10/04/2001
BW S7OH,1HG4BFJXH581V0RJE7,Audi,A5,2,2012,15/01/2001
PC DD9Q,1HG4FOM295DMKL97O1,BMW,X5,1,2010,15/03/2001
RBP 00IO,1HG04YVZNWVDUUTS22,Skoda,Suberb,3,2012,06/03/2001
QEJ 8HJ7,1HGBW857XMLS0QV727,BMW,X6,2,2012,17/01/2001
XXI W6QG,1HGA4YOJ8FQODE2DU8,BMW,X5,3,2011,03/05/2001
RYY 3UQPQ,1HGOSST1RQZ607S4A6,Skoda,Fabia,1,2010,10/02/2001
HAP YS8L,1HGY9HW4KPZ6T4BNH1,BMW,X6,2,2011,16/03/2001
